Date,Close,Open,High,Low,Vol.,Change %
5-May-21,10.3212,9.3936,10.6717,9.2845,8.47M,9.17%
4-May-21,9.4539,10.5757,10.5834,9.3436,9.40M,-10.62%
3-May-21,10.5777,10.3147,10.9848,10.2757,9.89M,2.23%
2-May-21,10.3468,10.4302,12.0042,10.0349,24.40M,-0.80%
1-May-21,10.4304,9.0029,11.5225,8.801,19.63M,15.86%
30-Apr-21,9.0029,8.6497,9.1983,8.5792,5.71M,4.05%
29-Apr-21,8.6527,8.8242,8.9507,8.4147,4.90M,-1.93%
28-Apr-21,8.8231,9.1322,9.3272,8.4946,5.32M,-3.38%
27-Apr-21,9.1313,9.5919,9.9014,8.991,6.21M,-4.82%
26-Apr-21,9.5933,8.4473,9.6823,8.2555,8.62M,13.55%
25-Apr-21,8.4485,8.7913,9.1783,8.12,10.45M,-3.93%
24-Apr-21,8.794,10.0563,10.0965,8.7493,8.85M,-12.54%
23-Apr-21,10.0548,10.5714,11.0794,8.3479,15.19M,-4.90%
22-Apr-21,10.5733,9.6703,11.7158,9.0727,12.64M,9.21%
21-Apr-21,9.6815,10.4629,11.5411,9.6676,15.90M,-7.47%
20-Apr-21,10.4629,11.5943,11.7073,9.9992,20.03M,-9.76%
19-Apr-21,11.5947,12.7657,12.9138,10.4668,31.88M,-9.12%
18-Apr-21,12.758,16.2621,16.622,11.7117,97.04M,-21.54%
17-Apr-21,16.2614,6.121,22.941,6.069,146.10M,165.86%
16-Apr-21,6.1166,5.6839,6.337,5.1701,6.34M,7.60%
15-Apr-21,5.6846,5.4258,5.7526,5.3781,3.01M,4.83%
14-Apr-21,5.4228,5.7109,5.7544,5.217,3.64M,-4.90%
13-Apr-21,5.7023,5.6839,5.8324,5.3643,4.05M,0.32%
12-Apr-21,5.6839,5.7974,6.0419,5.5689,5.01M,-1.93%
11-Apr-21,5.7955,5.9685,6.0907,5.7842,2.42M,-2.90%
10-Apr-21,5.9685,6.0794,6.231,5.8447,3.88M,-1.83%
9-Apr-21,6.0794,5.8489,6.3374,5.7457,4.25M,3.94%
8-Apr-21,5.8489,5.2078,6.0689,5.1738,4.21M,12.32%
7-Apr-21,5.2075,5.7421,6.2225,5.0867,4.82M,-9.31%
6-Apr-21,5.7421,5.6897,5.9103,5.4259,3.74M,0.92%
5-Apr-21,5.6897,5.3625,5.8677,5.1601,4.44M,6.20%
4-Apr-21,5.3575,5.0043,5.3946,4.9125,2.88M,7.06%
3-Apr-21,5.0043,5.1015,5.8088,4.9923,6.51M,-1.89%
2-Apr-21,5.1009,5.1004,5.2317,4.9948,3.61M,0.01%
1-Apr-21,5.1004,5.1948,5.2915,4.9575,3.45M,-1.82%
31-Mar-21,5.1948,4.8501,5.5885,4.619,4.01M,7.11%
30-Mar-21,4.8501,4.7745,4.9652,4.7187,2.56M,1.58%
29-Mar-21,4.7745,4.5178,4.9332,4.4502,2.81M,5.69%
28-Mar-21,4.5173,4.4485,4.7215,4.3411,2.53M,1.53%
27-Mar-21,4.449,4.4549,4.531,4.3888,2.33M,-0.01%
26-Mar-21,4.4495,4.1374,4.5293,4.1337,2.30M,7.54%
25-Mar-21,4.1374,4.4985,4.5264,4.1032,3.10M,-8.03%
24-Mar-21,4.4985,4.8417,5.0735,4.4816,2.55M,-7.09%
23-Mar-21,4.8417,4.7431,5.0803,4.5831,2.79M,2.08%
22-Mar-21,4.7431,4.978,5.2544,4.6834,3.45M,-4.72%
21-Mar-21,4.978,5.0427,5.1058,4.8542,2.33M,-1.31%
20-Mar-21,5.0439,5.079,5.3826,5.0366,2.25M,-0.69%
19-Mar-21,5.0791,5.0272,5.2443,4.9276,1.58M,1.03%
18-Mar-21,5.0272,5.1826,5.2841,4.9763,2.20M,-2.98%
17-Mar-21,5.1817,4.9579,5.2095,4.8051,1.95M,4.51%
16-Mar-21,4.9579,4.9255,5.0237,4.6914,1.94M,0.66%
15-Mar-21,4.9255,5.0566,5.2131,4.7079,2.73M,-2.65%
14-Mar-21,5.0593,5.3546,5.4067,4.984,2.06M,-5.51%
13-Mar-21,5.3546,5.056,5.4315,4.9584,2.05M,5.84%
12-Mar-21,5.0591,5.5103,5.5201,4.8854,4.42M,-8.19%
11-Mar-21,5.5103,5.6562,5.7102,5.2559,3.57M,-2.58%
10-Mar-21,5.6562,5.9103,5.9711,5.5125,2.65M,-4.32%
9-Mar-21,5.9113,5.7524,6.2795,5.6176,5.60M,2.78%
8-Mar-21,5.7512,5.1908,5.786,5.0253,3.81M,10.82%
7-Mar-21,5.1899,5.1163,5.3062,5.1005,1.72M,1.48%
6-Mar-21,5.1144,5.1537,5.2296,5.0089,1.61M,-0.76%
5-Mar-21,5.1537,5.1292,5.3922,4.7977,2.55M,0.48%
4-Mar-21,5.1292,5.4058,5.6762,4.922,3.34M,-5.12%
3-Mar-21,5.4058,5.0758,5.7065,5.0074,2.73M,6.50%
2-Mar-21,5.0758,5.3142,5.3735,4.9377,2.23M,-4.48%
1-Mar-21,5.3142,4.9452,5.3716,4.9434,2.85M,7.50%
28-Feb-21,4.9432,5.1432,5.1814,4.6571,3.38M,-3.89%
27-Feb-21,5.1432,5.1537,5.4581,4.9769,2.97M,-0.20%
26-Feb-21,5.1537,5.1549,5.4788,4.747,5.97M,-0.05%
25-Feb-21,5.1561,5.7988,6.0923,5.1135,2.88M,-11.08%
24-Feb-21,5.7988,5.1741,6.1806,4.9004,5.65M,12.06%
23-Feb-21,5.1745,6.3289,6.3811,4.2131,11.34M,-18.24%
22-Feb-21,6.329,6.819,6.8254,5.0971,8.07M,-7.19%
21-Feb-21,6.819,6.8769,7.1645,6.6639,2.90M,-0.82%
20-Feb-21,6.8752,7.2301,7.5618,6.6327,4.50M,-4.94%
19-Feb-21,7.2322,7.4526,7.6079,6.8221,5.08M,-2.70%
18-Feb-21,7.433,6.4188,7.6272,6.4172,7.39M,15.68%
17-Feb-21,6.4253,6.4001,6.5696,6.0022,4.86M,0.20%
16-Feb-21,6.4126,6.3661,6.9513,6.1325,5.94M,0.71%
15-Feb-21,6.3672,5.853,7.0329,4.9708,12.56M,8.79%
14-Feb-21,5.8528,6.4907,6.5324,5.5862,5.37M,-9.83%
13-Feb-21,6.4907,6.7752,6.9035,6.0489,7.65M,-4.20%
12-Feb-21,6.7752,5.9719,7.847,5.9716,27.08M,13.44%
11-Feb-21,5.9723,4.5163,6.5074,4.296,18.90M,32.15%
10-Feb-21,4.5193,4.6247,4.8279,4.0543,8.12M,-2.42%
9-Feb-21,4.6315,3.8276,4.913,3.7341,12.94M,21.02%
8-Feb-21,3.8271,3.5825,3.8271,3.575,4.57M,6.77%
7-Feb-21,3.5845,3.6505,3.9018,3.398,4.44M,-1.81%
6-Feb-21,3.6505,3.7758,3.801,3.5167,3.96M,-3.27%
5-Feb-21,3.7739,3.4526,4.167,3.4423,8.89M,9.29%
4-Feb-21,3.4533,3.6131,3.6748,3.4118,4.02M,-4.42%
3-Feb-21,3.6131,3.54,3.7449,3.5226,3.22M,2.07%
2-Feb-21,3.5397,3.5363,3.6847,3.4507,3.80M,0.00%
1-Feb-21,3.5397,3.4276,3.7013,3.2527,5.42M,3.27%
31-Jan-21,3.4276,3.6037,3.7388,3.2925,5.08M,-4.89%
30-Jan-21,3.6037,3.8712,4.2012,3.5241,7.17M,-6.91%
29-Jan-21,3.8712,3.8979,4.4437,3.603,16.66M,-0.66%
28-Jan-21,3.8971,2.8954,4.5561,2.8512,26.32M,34.61%
27-Jan-21,2.8951,3.2106,3.2188,2.8063,4.32M,-9.82%
26-Jan-21,3.2105,3.1751,3.2899,3.0528,2.84M,0.99%
25-Jan-21,3.1789,3.3713,3.548,3.1446,4.84M,-5.71%
24-Jan-21,3.3713,3.1405,3.5383,3.1188,6.07M,7.40%
23-Jan-21,3.139,3.1784,3.3491,3.104,3.37M,-1.24%
22-Jan-21,3.1784,2.9196,3.4928,2.6367,5.68M,8.85%
21-Jan-21,2.92,3.3999,3.4175,2.8019,6.52M,-14.12%
20-Jan-21,3.3999,3.4979,3.5702,3.1177,5.27M,-2.81%
19-Jan-21,3.4983,3.591,3.7469,3.4368,6.08M,-2.61%
18-Jan-21,3.5922,3.4168,3.8837,3.3757,7.98M,5.11%
17-Jan-21,3.4177,3.3522,3.6105,3.2273,5.93M,1.95%
16-Jan-21,3.3522,3.1721,3.9436,3.0691,12.02M,5.68%
15-Jan-21,3.172,3.3356,3.52,2.7976,7.64M,-4.90%
14-Jan-21,3.3356,3.5535,3.6091,3.2412,6.76M,-6.13%
13-Jan-21,3.5535,3.4779,3.615,3.1263,9.96M,2.22%
12-Jan-21,3.4765,2.8312,3.9877,2.7137,25.02M,22.79%
11-Jan-21,2.8312,3.2062,3.2379,2.218,19.81M,-11.74%
10-Jan-21,3.2078,3.537,3.9139,2.87,12.93M,-9.31%
9-Jan-21,3.5371,4.0402,4.0731,3.4204,11.57M,-12.45%
8-Jan-21,4.0402,4.366,4.7403,3.0695,28.62M,-7.46%
7-Jan-21,4.366,2.5341,5.1987,2.4657,68.96M,72.29%
6-Jan-21,2.5341,1.5354,2.7743,1.5195,18.20M,65.05%
5-Jan-21,1.5354,1.4893,1.659,1.3853,6.21M,2.98%
4-Jan-21,1.491,1.6968,1.738,1.2878,15.82M,-12.13%
3-Jan-21,1.6967,1.0413,1.8566,1.0338,27.56M,62.95%
2-Jan-21,1.0413,1.0277,1.0798,1.0064,1.86M,1.32%
1-Jan-21,1.0277,1.0158,1.059,1.0066,1.78M,1.18%
31-Dec-20,1.0158,1.0631,1.0825,1.0036,1.68M,-4.45%
30-Dec-20,1.0631,1.0655,1.0746,1.0409,1.58M,-0.23%
29-Dec-20,1.0655,1.0733,1.1106,1.0385,1.98M,-0.73%
28-Dec-20,1.0733,1.1158,1.1301,1.0539,2.57M,-3.81%
27-Dec-20,1.1158,1.0272,1.154,1.0097,3.18M,8.63%
26-Dec-20,1.0272,1.0596,1.097,1.0101,1.52M,-3.19%
25-Dec-20,1.061,1.0604,1.0829,1.0292,1.77M,0.03%
24-Dec-20,1.0607,0.9743,1.0778,0.9434,1.29M,9.00%
23-Dec-20,0.9731,1.0722,1.1586,0.9258,2.82M,-9.24%
22-Dec-20,1.0722,1.0464,1.0908,0.9919,780.77K,2.47%
21-Dec-20,1.0464,1.0789,1.1107,1.0102,7.82M,-3.03%
20-Dec-20,1.0791,1.1282,1.1321,1.0608,1.05M,-4.35%
19-Dec-20,1.1282,1.1467,1.1762,1.1251,1.19M,-1.62%
18-Dec-20,1.1468,1.1494,1.1614,1.1075,1.25M,-0.23%
17-Dec-20,1.1494,1.1635,1.2096,1.1254,2.45M,-1.21%
16-Dec-20,1.1635,1.072,1.2007,1.0541,3.10M,8.78%
15-Dec-20,1.0696,1.0655,1.1024,1.0342,1.09M,0.38%
14-Dec-20,1.0655,1.0835,1.1119,1.0548,1.25M,-1.67%
13-Dec-20,1.0836,1.0037,1.1247,0.9928,1.40M,7.70%
12-Dec-20,1.0062,0.9283,1.0213,0.9283,1.19M,8.38%
11-Dec-20,0.9283,0.9945,0.9945,0.9216,882.46K,-6.65%
10-Dec-20,0.9945,1.0509,1.051,0.9733,821.18K,-5.37%
9-Dec-20,1.0509,0.9738,1.0675,0.9198,1.32M,7.92%
8-Dec-20,0.9738,1.0548,1.0842,0.9604,1.56M,-7.68%
7-Dec-20,1.0548,1.0871,1.0893,1.043,808.14K,-2.95%
6-Dec-20,1.087,1.1119,1.1277,1.07,1.00M,-2.24%
5-Dec-20,1.1119,1.0482,1.1351,1.0308,902.58K,6.07%
4-Dec-20,1.0482,1.1696,1.2135,1.0403,1.71M,-10.37%
3-Dec-20,1.1696,1.1623,1.1915,1.1434,1.18M,0.63%
2-Dec-20,1.1623,1.1635,1.1861,1.1161,1.54M,-0.16%
1-Dec-20,1.1641,1.2097,1.2955,1.1449,2.52M,-3.77%
30-Nov-20,1.2097,1.1708,1.2336,1.1584,2.99M,3.32%
29-Nov-20,1.1708,1.1771,1.2414,1.1476,1.73M,-0.53%
28-Nov-20,1.1771,1.1153,1.2511,1.098,3.46M,5.54%
27-Nov-20,1.1153,1.0238,1.196,1.0073,3.89M,8.93%
26-Nov-20,1.0238,1.1852,1.2138,0.9199,7.29M,-13.59%
25-Nov-20,1.1849,1.4069,1.4346,1.1135,6.55M,-15.74%
24-Nov-20,1.4062,1.1698,1.4632,1.0614,9.04M,19.81%
23-Nov-20,1.1737,0.8535,1.1749,0.8284,6.25M,37.50%
22-Nov-20,0.8536,0.8641,0.9713,0.8144,3.76M,-1.21%
21-Nov-20,0.8641,0.7557,0.8794,0.7535,2.71M,14.34%
20-Nov-20,0.7557,0.7318,0.7575,0.7252,984.22K,3.27%
19-Nov-20,0.7318,0.7319,0.7445,0.7108,861.42K,-0.02%
18-Nov-20,0.7319,0.7492,0.7532,0.7182,1.22M,-2.30%
17-Nov-20,0.7492,0.7341,0.7574,0.7327,1.07M,1.87%
16-Nov-20,0.7355,0.7255,0.7412,0.7172,950.15K,1.37%
15-Nov-20,0.7255,0.7532,0.7644,0.7142,784.40K,-3.68%
14-Nov-20,0.7533,0.7762,0.7862,0.7422,564.92K,-2.95%
13-Nov-20,0.7762,0.7531,0.7968,0.7429,1.13M,3.07%
12-Nov-20,0.7531,0.7827,0.8023,0.7463,1.24M,-3.79%
11-Nov-20,0.7827,0.7428,0.8171,0.7354,1.51M,5.38%
10-Nov-20,0.7428,0.7379,0.7724,0.7368,879.52K,0.66%
9-Nov-20,0.7379,0.7724,0.7755,0.7144,761.74K,-4.46%
8-Nov-20,0.7724,0.7324,0.7823,0.7252,624.24K,5.46%
7-Nov-20,0.7324,0.7747,0.7971,0.7001,1.51M,-5.54%
6-Nov-20,0.7753,0.7187,0.7852,0.7159,1.07M,7.88%
5-Nov-20,0.7187,0.6956,0.7276,0.6819,1.39M,3.31%
4-Nov-20,0.6956,0.7257,0.7263,0.6709,954.95K,-4.14%
3-Nov-20,0.7257,0.7051,0.7452,0.699,831.55K,2.92%
2-Nov-20,0.7051,0.7361,0.7491,0.6999,607.70K,-4.22%
1-Nov-20,0.7361,0.7388,0.7503,0.7268,360.94K,-0.37%
31-Oct-20,0.7388,0.7297,0.7573,0.7232,606.16K,1.26%
30-Oct-20,0.7297,0.7697,0.7784,0.7164,831.30K,-5.20%
29-Oct-20,0.7697,0.758,0.7802,0.749,495.02K,1.55%
28-Oct-20,0.758,0.8068,0.817,0.7454,1.28M,-6.06%
27-Oct-20,0.8068,0.842,0.8438,0.7971,795.48K,-4.19%
26-Oct-20,0.8421,0.8416,0.849,0.8121,698.26K,0.06%
25-Oct-20,0.8416,0.8624,0.8632,0.8355,883.47K,-2.41%
24-Oct-20,0.8624,0.8575,0.8707,0.8393,897.68K,0.59%
23-Oct-20,0.8574,0.8826,0.8987,0.8536,762.32K,-2.86%
22-Oct-20,0.8826,0.886,0.9193,0.8645,1.45M,-0.42%
21-Oct-20,0.8863,0.8797,0.9437,0.8775,2.49M,0.68%
20-Oct-20,0.8803,0.8296,0.9166,0.8252,2.94M,6.12%
19-Oct-20,0.8296,0.8179,0.8372,0.8043,687.71K,1.42%
18-Oct-20,0.8179,0.8112,0.8272,0.7875,669.91K,0.81%
17-Oct-20,0.8113,0.7999,0.8158,0.7818,390.95K,1.43%
16-Oct-20,0.7999,0.8033,0.8208,0.7582,1.04M,-0.43%
15-Oct-20,0.8033,0.7959,0.8279,0.7721,937.05K,0.93%
14-Oct-20,0.7959,0.8102,0.8187,0.7873,642.97K,-1.76%
13-Oct-20,0.8102,0.8204,0.8416,0.7999,521.94K,-1.28%
12-Oct-20,0.8207,0.8203,0.8469,0.7957,744.71K,0.05%
11-Oct-20,0.8203,0.8172,0.8346,0.7993,664.91K,0.39%
10-Oct-20,0.8172,0.8165,0.8413,0.7999,788.29K,0.09%
9-Oct-20,0.8165,0.7398,0.8295,0.7302,1.34M,10.36%
8-Oct-20,0.7398,0.716,0.766,0.706,1.04M,3.31%
7-Oct-20,0.7162,0.7229,0.7248,0.699,754.49K,-0.94%
6-Oct-20,0.7229,0.7639,0.7679,0.7093,827.35K,-5.36%
5-Oct-20,0.7639,0.7683,0.7733,0.7543,521.03K,-0.58%
4-Oct-20,0.7683,0.7693,0.7793,0.7577,396.41K,-0.24%
3-Oct-20,0.7701,0.7818,0.7935,0.7695,434.70K,-1.49%
2-Oct-20,0.7818,0.8103,0.8128,0.7184,1.89M,-3.46%
1-Oct-20,0.8098,0.8241,0.8511,0.7795,893.31K,-1.73%
30-Sep-20,0.8241,0.8112,0.8277,0.7906,737.04K,1.58%
29-Sep-20,0.8112,0.815,0.8365,0.7856,926.80K,-0.45%
28-Sep-20,0.8149,0.8254,0.9005,0.8121,1.44M,-1.27%
27-Sep-20,0.8254,0.8251,0.8555,0.7821,1.01M,0.04%
26-Sep-20,0.8251,0.767,0.8747,0.7647,1.57M,7.57%
25-Sep-20,0.767,0.7491,0.7743,0.7128,1.07M,2.39%
24-Sep-20,0.7491,0.6793,0.7533,0.6752,1.28M,10.28%
23-Sep-20,0.6793,0.7522,0.763,0.6637,1.17M,-9.69%
22-Sep-20,0.7522,0.7261,0.7621,0.7078,832.00K,3.59%
21-Sep-20,0.7261,0.7985,0.8216,0.6739,2.25M,-9.07%
20-Sep-20,0.7985,0.8403,0.8456,0.768,1.22M,-4.97%
19-Sep-20,0.8403,0.8356,0.8454,0.8158,561.26K,0.58%
18-Sep-20,0.8355,0.8571,0.8697,0.8131,791.37K,-2.52%
17-Sep-20,0.8571,0.8621,0.8799,0.8239,537.37K,-0.58%
16-Sep-20,0.8621,0.8638,0.865,0.8253,672.17K,-0.21%
15-Sep-20,0.8638,0.8878,0.9295,0.8613,1.09M,-2.70%
14-Sep-20,0.8878,0.8728,0.9251,0.8546,952.49K,1.72%
13-Sep-20,0.8728,0.9361,0.944,0.842,1.06M,-6.76%
12-Sep-20,0.9361,0.8869,0.9425,0.8814,1.27M,5.51%
11-Sep-20,0.8873,0.8676,0.8884,0.849,698.45K,2.26%
10-Sep-20,0.8676,0.8346,0.8975,0.8346,1.47M,3.96%
9-Sep-20,0.8346,0.8182,0.8499,0.7967,1.23M,2.00%
8-Sep-20,0.8182,0.8515,0.8602,0.7829,1.29M,-3.90%
7-Sep-20,0.8515,0.8394,0.8551,0.763,2.39M,1.44%
6-Sep-20,0.8394,0.8111,0.8639,0.7641,1.72M,3.49%
5-Sep-20,0.8111,0.8791,0.9552,0.7603,3.27M,-7.73%
4-Sep-20,0.8791,0.8161,0.9088,0.8142,3.05M,7.71%
3-Sep-20,0.8161,1.0571,1.0853,0.8008,3.79M,-22.79%
2-Sep-20,1.0571,1.12,1.1326,1.024,2.75M,-5.62%
1-Sep-20,1.12,1.1345,1.1502,1.1054,6.45M,-1.27%
31-Aug-20,1.1345,1.1677,1.1735,1.1259,5.79M,-2.85%
30-Aug-20,1.1677,1.1576,1.1882,1.1547,5.18M,0.88%
29-Aug-20,1.1576,1.1606,1.1714,1.1385,4.39M,-0.26%
28-Aug-20,1.1606,1.144,1.1906,1.14,4.13M,1.45%
27-Aug-20,1.144,1.2211,1.2768,1.1074,13.70M,-6.32%
26-Aug-20,1.2211,1.1918,1.2559,1.1543,7.82M,2.40%
25-Aug-20,1.1925,1.2916,1.3138,1.1519,7.79M,-7.67%
24-Aug-20,1.2916,1.3062,1.3456,1.2734,1.77M,-1.12%
23-Aug-20,1.3062,1.3833,1.443,1.3062,2.45M,-5.57%
22-Aug-20,1.3833,1.1893,1.4537,1.1171,3.93M,16.31%
21-Aug-20,1.1893,1.2387,1.3778,1.1855,2.89M,-3.99%
20-Aug-20,1.2387,1.1783,1.2505,1.163,1.47M,5.12%
19-Aug-20,1.1783,1.3064,1.307,1.1505,2.46M,-9.80%
18-Aug-20,1.3064,1.2357,1.4381,1.2319,4.10M,5.72%
17-Aug-20,1.2357,1.1628,1.2867,1.1529,2.70M,6.27%
16-Aug-20,1.1628,1.1122,1.1634,1.0938,762.17K,4.55%
15-Aug-20,1.1122,1.1494,1.1569,1.1071,991.72K,-3.24%
14-Aug-20,1.1494,1.1505,1.1945,1.1353,1.34M,-0.10%
13-Aug-20,1.1505,1.123,1.1985,1.0931,1.72M,2.45%
12-Aug-20,1.123,1.0938,1.1378,1.044,1.36M,2.67%
11-Aug-20,1.0938,1.1951,1.1955,1.0597,2.00M,-8.47%
10-Aug-20,1.195,1.057,1.1993,1.057,3.18M,13.06%
9-Aug-20,1.057,1.0423,1.0602,1.0267,1.03M,1.41%
8-Aug-20,1.0423,1.0224,1.0444,0.9937,1.05M,1.95%
7-Aug-20,1.0224,1.0351,1.0541,0.9947,1.08M,-1.22%
6-Aug-20,1.0351,1.0155,1.0621,0.9938,1.57M,1.92%
5-Aug-20,1.0155,0.9961,1.0225,0.9951,1.28M,1.95%
4-Aug-20,0.9961,1.0137,1.0567,0.9955,1.79M,-1.73%
3-Aug-20,1.0137,0.9766,1.048,0.9733,2.55M,3.80%
2-Aug-20,0.9766,0.9928,1.0089,0.8931,1.52M,-1.64%
1-Aug-20,0.9928,0.9332,1.0043,0.9277,1.75M,6.39%
31-Jul-20,0.9332,0.9335,0.9415,0.919,971.63K,-0.04%
30-Jul-20,0.9335,0.9388,0.9487,0.9303,846.41K,-0.57%
29-Jul-20,0.9388,0.9525,0.9788,0.9375,1.24M,-1.44%
28-Jul-20,0.9525,0.9236,0.9914,0.9135,1.77M,3.13%
27-Jul-20,0.9236,0.956,0.9626,0.898,2.49M,-3.39%
26-Jul-20,0.956,0.9878,0.9984,0.9401,1.80M,-3.22%
25-Jul-20,0.9878,0.9882,1.0082,0.9785,1.21M,-0.04%
24-Jul-20,0.9882,1.0153,1.0168,0.9867,978.61K,-2.67%
23-Jul-20,1.0153,1.0388,1.0852,1.0084,2.81M,-2.26%
22-Jul-20,1.0388,0.9988,1.0402,0.9958,1.30M,4.01%
21-Jul-20,0.9988,1.015,1.0182,0.992,1.37M,-1.60%
20-Jul-20,1.015,1.0179,1.045,1.0039,1.29M,-0.27%
19-Jul-20,1.0177,0.9886,1.0387,0.9849,1.63M,2.94%
18-Jul-20,0.9886,0.9882,0.9977,0.9825,498.18K,0.05%
17-Jul-20,0.9882,0.9819,1.0046,0.9661,854.75K,0.64%
16-Jul-20,0.9819,1.0421,1.0626,0.946,1.98M,-5.88%
15-Jul-20,1.0432,0.9981,1.0723,0.9816,2.29M,4.52%
14-Jul-20,0.9981,0.9908,1.0043,0.9555,1.15M,0.73%
13-Jul-20,0.9908,1.0446,1.0466,0.9759,1.52M,-5.15%
12-Jul-20,1.0446,1.0126,1.0636,0.9971,1.04M,3.16%
11-Jul-20,1.0126,1.0057,1.0198,1.0013,647.75K,0.69%
10-Jul-20,1.0057,1.0341,1.0355,0.9866,1.34M,-2.75%
9-Jul-20,1.0341,1.0766,1.1117,1.0087,2.01M,-3.95%
8-Jul-20,1.0766,0.9975,1.0836,0.9943,1.76M,7.93%
7-Jul-20,0.9975,0.9715,1.0379,0.9712,1.53M,2.67%
6-Jul-20,0.9715,0.931,0.9755,0.9287,1.07M,4.35%
5-Jul-20,0.931,0.9591,0.9621,0.9176,902.71K,-2.92%
4-Jul-20,0.9591,0.9288,0.96,0.9267,673.58K,3.26%
3-Jul-20,0.9288,0.9233,0.9386,0.9101,693.76K,0.59%
2-Jul-20,0.9233,0.9645,0.9902,0.8947,1.08M,-4.27%
1-Jul-20,0.9645,0.9357,0.9701,0.9127,741.08K,3.08%
30-Jun-20,0.9357,0.9639,0.9714,0.9177,1.25M,-2.93%
29-Jun-20,0.9639,0.9721,0.9794,0.9462,685.51K,-0.85%
28-Jun-20,0.9721,0.9578,0.982,0.9393,816.65K,1.49%
27-Jun-20,0.9578,1.0332,1.0368,0.8906,2.11M,-7.30%
26-Jun-20,1.0332,1.0787,1.0882,1.0138,1.66M,-4.22%
25-Jun-20,1.0787,1.0598,1.0982,1.0194,1.23M,1.78%
24-Jun-20,1.0598,1.1101,1.1432,1.0479,1.55M,-4.53%
23-Jun-20,1.1101,1.1403,1.144,1.0978,1.65M,-2.65%
22-Jun-20,1.1403,1.0713,1.1735,1.071,1.71M,6.43%
21-Jun-20,1.0713,1.119,1.1333,1.0686,983.87K,-4.26%
20-Jun-20,1.119,1.15,1.163,1.0888,1.08M,-2.69%
19-Jun-20,1.15,1.1571,1.196,1.1215,1.53M,-0.62%
18-Jun-20,1.1571,1.2281,1.2771,1.1509,2.89M,-5.78%
17-Jun-20,1.2281,1.1151,1.3069,1.0921,5.38M,10.14%
16-Jun-20,1.1151,1.1055,1.1327,1.0663,1.95M,0.86%
15-Jun-20,1.1055,1.0464,1.1457,0.9289,4.83M,5.65%
14-Jun-20,1.0464,1.1281,1.1303,1.0343,1.27M,-7.05%
13-Jun-20,1.1258,1.1061,1.1434,1.0652,1.55M,1.78%
12-Jun-20,1.1061,1.0529,1.1831,1.025,3.27M,5.06%
11-Jun-20,1.0529,1.1782,1.2758,1.0285,5.15M,-10.63%
10-Jun-20,1.1782,1.1955,1.3147,1.172,4.88M,-1.45%
9-Jun-20,1.1955,1.0423,1.1981,1.0417,3.49M,14.70%
8-Jun-20,1.0423,1.0553,1.0858,1.0232,1.59M,-1.23%
7-Jun-20,1.0553,1.0097,1.1148,0.9991,3.88M,4.52%
6-Jun-20,1.0097,0.9628,1.0864,0.9336,2.94M,4.87%
5-Jun-20,0.9628,0.8937,0.9895,0.8917,1.69M,7.74%
4-Jun-20,0.8937,0.8874,0.9032,0.8655,1.10M,0.71%
3-Jun-20,0.8874,0.8839,0.9104,0.8636,810.21K,0.42%
2-Jun-20,0.8836,0.918,0.9346,0.8496,2.12M,-3.75%
1-Jun-20,0.918,0.8717,0.9323,0.8665,1.72M,5.31%
31-May-20,0.8717,0.8974,0.9021,0.8645,1.17M,-2.87%
30-May-20,0.8974,0.8917,0.9025,0.8627,1.65M,0.64%
29-May-20,0.8917,0.8983,0.9078,0.8812,1.01M,-0.73%
28-May-20,0.8983,0.9098,0.9166,0.8625,1.67M,-1.18%
27-May-20,0.909,0.8923,0.9183,0.8857,1.35M,1.87%
26-May-20,0.8923,0.9387,0.9434,0.8892,1.76M,-4.94%
25-May-20,0.9387,0.8848,0.95,0.8727,1.78M,6.09%
24-May-20,0.8848,0.9475,0.9754,0.8763,899.69K,-6.62%
23-May-20,0.9475,0.9513,1.0103,0.9117,3.42M,-0.40%
22-May-20,0.9513,0.8226,0.9941,0.816,4.28M,15.57%
21-May-20,0.8231,0.891,0.9447,0.7809,4.37M,-7.62%
20-May-20,0.891,0.9086,0.9648,0.8518,4.02M,-1.85%
19-May-20,0.9078,0.8003,0.9794,0.7909,6.20M,13.44%
18-May-20,0.8003,0.7296,0.818,0.7296,1.87M,9.69%
17-May-20,0.7296,0.7515,0.7664,0.7269,1.29M,-2.91%
16-May-20,0.7515,0.7282,0.7845,0.713,2.96M,3.20%
15-May-20,0.7282,0.6984,0.7465,0.661,2.11M,4.27%
14-May-20,0.6984,0.6958,0.7339,0.6864,1.85M,0.37%
13-May-20,0.6958,0.6236,0.738,0.6236,2.46M,11.58%
12-May-20,0.6236,0.5958,0.6426,0.5944,727.24K,4.55%
11-May-20,0.5964,0.6047,0.625,0.5635,1.21M,-1.36%
10-May-20,0.6047,0.6559,0.6559,0.5703,1.37M,-7.81%
9-May-20,0.6559,0.7031,0.7066,0.6541,1.01M,-6.71%
8-May-20,0.7031,0.635,0.7182,0.6199,2.12M,10.71%
7-May-20,0.635,0.6122,0.6398,0.6018,786.44K,3.74%
6-May-20,0.6122,0.6272,0.6432,0.6111,506.20K,-2.40%
5-May-20,0.6272,0.6352,0.6419,0.6133,456.14K,-1.26%
4-May-20,0.6352,0.6457,0.6483,0.6096,555.31K,-1.61%
3-May-20,0.6457,0.638,0.6639,0.6316,950.37K,1.21%
2-May-20,0.6379,0.6298,0.6418,0.6259,355.50K,1.29%
1-May-20,0.6298,0.6252,0.6404,0.6163,581.20K,0.74%
30-Apr-20,0.6252,0.6348,0.69,0.5976,1.82M,-1.51%
29-Apr-20,0.6348,0.5974,0.671,0.5956,2.13M,6.25%
28-Apr-20,0.5974,0.5926,0.5984,0.5827,407.97K,0.82%
27-Apr-20,0.5926,0.5992,0.6022,0.5801,545.45K,-1.11%
26-Apr-20,0.5992,0.585,0.6034,0.5839,488.38K,2.44%
25-Apr-20,0.585,0.5838,0.6012,0.5783,871.92K,0.21%
24-Apr-20,0.5838,0.5734,0.5922,0.5715,735.44K,1.81%
23-Apr-20,0.5734,0.5646,0.6052,0.5519,859.94K,1.56%
22-Apr-20,0.5646,0.5381,0.5709,0.5361,609.31K,4.92%
21-Apr-20,0.5381,0.5433,0.5547,0.5336,450.64K,-0.95%
20-Apr-20,0.5433,0.5793,0.59,0.5251,757.90K,-6.22%
19-Apr-20,0.5793,0.5955,0.6242,0.5679,662.13K,-2.73%
18-Apr-20,0.5955,0.5625,0.6059,0.562,579.60K,5.88%
17-Apr-20,0.5625,0.5533,0.5683,0.5501,533.35K,1.65%
16-Apr-20,0.5533,0.5229,0.5628,0.504,1.07M,5.83%
15-Apr-20,0.5229,0.5504,0.5561,0.5203,717.61K,-5.01%
14-Apr-20,0.5504,0.5379,0.5577,0.5357,637.11K,2.33%
13-Apr-20,0.5379,0.5369,0.5502,0.5195,1.30M,0.17%
12-Apr-20,0.5369,0.5365,0.5634,0.53,1.03M,0.08%
11-Apr-20,0.5365,0.5445,0.5706,0.5259,689.09K,-1.48%
10-Apr-20,0.5445,0.5843,0.5854,0.5278,1.08M,-6.81%
9-Apr-20,0.5843,0.5993,0.5993,0.5712,845.35K,-2.49%
8-Apr-20,0.5993,0.5955,0.6136,0.5921,1.11M,0.63%
7-Apr-20,0.5955,0.615,0.6259,0.5849,1.58M,-3.17%
6-Apr-20,0.615,0.5957,0.617,0.5882,1.76M,3.23%
5-Apr-20,0.5957,0.639,0.6414,0.576,2.16M,-6.77%
4-Apr-20,0.639,0.541,0.6684,0.5383,3.86M,18.12%
3-Apr-20,0.541,0.5358,0.554,0.5235,830.91K,0.96%
2-Apr-20,0.5358,0.4936,0.5447,0.4872,1.33M,8.54%
1-Apr-20,0.4936,0.4688,0.503,0.4623,1.22M,5.30%
31-Mar-20,0.4688,0.4604,0.4755,0.4576,499.81K,1.84%
30-Mar-20,0.4604,0.4358,0.4719,0.432,908.94K,5.63%
29-Mar-20,0.4358,0.4657,0.4669,0.4324,354.08K,-6.42%
28-Mar-20,0.4657,0.4705,0.479,0.4514,1.15M,-1.03%
27-Mar-20,0.4705,0.5055,0.5116,0.4644,771.07K,-6.92%
26-Mar-20,0.5055,0.5085,0.5182,0.4819,805.49K,0.43%
25-Mar-20,0.5033,0.4963,0.5063,0.4727,1.77M,1.42%
24-Mar-20,0.4963,0.499,0.5298,0.4824,2.96M,-0.55%
23-Mar-20,0.499,0.4015,0.5018,0.3974,1.70M,24.29%
22-Mar-20,0.4015,0.4417,0.4609,0.4009,1.21M,-9.10%
21-Mar-20,0.4417,0.4451,0.4623,0.4175,1.66M,-0.77%
20-Mar-20,0.4451,0.4781,0.5331,0.4001,3.16M,-6.91%
19-Mar-20,0.4781,0.4015,0.5069,0.3924,2.79M,19.10%
18-Mar-20,0.4015,0.3729,0.4338,0.34,1.81M,7.67%
17-Mar-20,0.3729,0.3524,0.3802,0.3499,1.74M,5.81%
16-Mar-20,0.3524,0.406,0.406,0.3155,1.33M,-13.21%
15-Mar-20,0.406,0.3865,0.4331,0.3829,773.41K,5.05%
14-Mar-20,0.3865,0.4121,0.4286,0.3776,710.18K,-6.21%
13-Mar-20,0.4121,0.3622,0.4402,0.2589,1.81M,13.78%
12-Mar-20,0.3622,0.6802,0.6815,0.3434,2.21M,-46.76%
11-Mar-20,0.6802,0.6893,0.6938,0.6404,497.02K,-1.31%
10-Mar-20,0.6893,0.6857,0.7128,0.6644,464.37K,0.52%
9-Mar-20,0.6857,0.6731,0.6939,0.6418,583.59K,1.87%
8-Mar-20,0.6731,0.7895,0.7908,0.6657,928.06K,-14.74%
7-Mar-20,0.7895,0.8241,0.8329,0.7738,362.53K,-4.20%
6-Mar-20,0.8241,0.8279,0.8404,0.8099,397.25K,-0.46%
5-Mar-20,0.8279,0.7723,0.8366,0.7723,617.29K,7.20%
4-Mar-20,0.7723,0.7767,0.7845,0.76,250.57K,-0.56%
3-Mar-20,0.7767,0.788,0.7965,0.7564,486.42K,-1.44%
2-Mar-20,0.788,0.7205,0.8087,0.7145,516.88K,9.58%
1-Mar-20,0.7191,0.7358,0.7559,0.7082,579.51K,-2.27%
29-Feb-20,0.7358,0.7592,0.7733,0.7314,229.40K,-3.08%
28-Feb-20,0.7592,0.7868,0.8049,0.7193,716.02K,-3.44%
27-Feb-20,0.7863,0.7863,0.8144,0.739,625.99K,0.00%
26-Feb-20,0.7863,0.8318,0.8336,0.7212,920.28K,-5.48%
25-Feb-20,0.8318,0.907,0.9081,0.8219,767.95K,-8.29%
24-Feb-20,0.907,0.979,0.9813,0.877,546.22K,-7.35%
23-Feb-20,0.979,0.9538,0.9911,0.9439,287.46K,2.63%
22-Feb-20,0.9538,0.973,0.9914,0.9297,340.29K,-1.97%
21-Feb-20,0.973,0.933,0.997,0.9311,544.88K,4.29%
20-Feb-20,0.933,0.9269,0.9539,0.8857,593.00K,0.90%
19-Feb-20,0.9246,1.0114,1.0282,0.91,522.45K,-8.58%
18-Feb-20,1.0114,0.9991,1.0296,0.9578,752.41K,1.23%
17-Feb-20,0.9991,1.0699,1.0705,0.9041,1.21M,-6.62%
16-Feb-20,1.0699,1.12,1.1921,0.9582,1.46M,-4.48%
15-Feb-20,1.12,1.128,1.2173,1.0362,1.63M,-0.71%
14-Feb-20,1.128,1.0794,1.1338,1.0585,632.41K,4.50%
13-Feb-20,1.0794,1.1369,1.1694,1.0453,1.17M,-5.06%
12-Feb-20,1.1369,1.0551,1.1671,1.0513,1.11M,7.75%
11-Feb-20,1.0551,0.9904,1.0964,0.9611,1.49M,6.54%
10-Feb-20,0.9904,0.969,1.0035,0.9214,699.22K,2.21%
9-Feb-20,0.969,0.9123,1.0011,0.9121,843.64K,6.22%
8-Feb-20,0.9123,0.938,0.9405,0.8919,636.68K,-2.74%
7-Feb-20,0.938,0.9744,1.0186,0.9304,765.01K,-3.73%
6-Feb-20,0.9744,0.925,0.9954,0.9148,707.84K,5.34%
5-Feb-20,0.925,0.8806,0.9531,0.8604,726.82K,5.03%
4-Feb-20,0.8806,0.8124,0.8998,0.8124,1.11M,8.40%
3-Feb-20,0.8124,0.8288,0.8476,0.7954,458.78K,-1.99%
2-Feb-20,0.8288,0.8036,0.8634,0.7936,679.58K,3.12%
1-Feb-20,0.8038,0.7766,0.8086,0.7692,647.25K,3.50%
31-Jan-20,0.7766,0.7405,0.784,0.714,540.29K,4.88%
30-Jan-20,0.7405,0.7223,0.7525,0.7007,532.82K,2.52%
29-Jan-20,0.7223,0.7051,0.7279,0.6905,511.11K,2.44%
28-Jan-20,0.7051,0.6876,0.7078,0.6785,525.85K,2.55%
27-Jan-20,0.6876,0.6898,0.696,0.6803,359.00K,-0.32%
26-Jan-20,0.6898,0.6668,0.6903,0.661,119.85K,3.45%
25-Jan-20,0.6668,0.6647,0.6806,0.6477,140.39K,0.31%
24-Jan-20,0.6647,0.6724,0.6823,0.6429,293.85K,-1.14%
23-Jan-20,0.6724,0.7006,0.7086,0.6571,271.94K,-4.02%
22-Jan-20,0.7006,0.696,0.7119,0.6853,229.84K,0.66%
21-Jan-20,0.696,0.6777,0.7159,0.6704,404.10K,2.71%
20-Jan-20,0.6777,0.6802,0.6884,0.6563,246.46K,-0.38%
19-Jan-20,0.6802,0.7382,0.7382,0.6641,658.09K,-7.85%
18-Jan-20,0.7382,0.7388,0.7554,0.7028,414.59K,-0.09%
17-Jan-20,0.7388,0.6908,0.7725,0.6843,888.62K,6.95%
16-Jan-20,0.6908,0.6976,0.7036,0.6577,490.93K,-0.98%
15-Jan-20,0.6976,0.6642,0.7178,0.6548,1.19M,5.03%
14-Jan-20,0.6642,0.6201,0.6775,0.6198,883.79K,7.11%
13-Jan-20,0.6201,0.6317,0.6322,0.6172,228.43K,-1.83%
12-Jan-20,0.6317,0.6292,0.6403,0.6224,177.55K,0.41%
11-Jan-20,0.6292,0.6197,0.6571,0.6171,518.65K,1.53%
10-Jan-20,0.6197,0.617,0.6234,0.5962,418.35K,0.44%
9-Jan-20,0.617,0.6286,0.6327,0.612,465.18K,-1.85%
8-Jan-20,0.6286,0.6509,0.6579,0.6161,637.76K,-3.43%
7-Jan-20,0.6509,0.6886,0.6934,0.6423,783.44K,-5.47%
6-Jan-20,0.6886,0.6593,0.7006,0.6577,374.89K,4.44%
5-Jan-20,0.6593,0.6544,0.6746,0.6535,173.77K,0.75%
4-Jan-20,0.6544,0.6613,0.6627,0.6467,107.40K,-1.05%
3-Jan-20,0.6613,0.6258,0.6657,0.6215,192.63K,5.67%
2-Jan-20,0.6258,0.6722,0.6754,0.6227,194.45K,-6.90%
1-Jan-20,0.6722,0.6537,0.6746,0.6486,147.16K,2.82%
31-Dec-19,0.6537,0.6784,0.6839,0.6463,228.34K,-3.64%
30-Dec-19,0.6784,0.6612,0.6853,0.6576,302.78K,2.59%
29-Dec-19,0.6612,0.6493,0.6754,0.6451,157.80K,1.85%
28-Dec-19,0.6493,0.6448,0.6531,0.6397,104.41K,0.69%
27-Dec-19,0.6448,0.6527,0.6544,0.6388,98.80K,-1.22%
26-Dec-19,0.6528,0.6476,0.6674,0.6396,98.87K,0.81%
25-Dec-19,0.6476,0.6529,0.6568,0.6365,108.87K,-0.82%
24-Dec-19,0.6529,0.6621,0.6736,0.6493,143.78K,-1.38%
23-Dec-19,0.6621,0.6807,0.6956,0.655,151.96K,-2.73%
22-Dec-19,0.6807,0.6706,0.6856,0.6559,206.50K,1.50%
21-Dec-19,0.6706,0.709,0.7091,0.6651,220.68K,-5.42%
20-Dec-19,0.709,0.6739,0.7097,0.6686,184.31K,5.23%
19-Dec-19,0.6738,0.7044,0.7113,0.6576,157.58K,-4.34%
18-Dec-19,0.7044,0.6318,0.7134,0.6205,217.90K,11.49%
17-Dec-19,0.6318,0.7,0.7,0.6202,319.86K,-9.74%
16-Dec-19,0.7,0.7435,0.7469,0.6848,488.57K,-5.86%
15-Dec-19,0.7435,0.732,0.7486,0.7242,80.74K,1.57%
14-Dec-19,0.732,0.7827,0.7907,0.725,195.65K,-6.48%
13-Dec-19,0.7827,0.7958,0.7978,0.7776,144.88K,-1.65%
12-Dec-19,0.7958,0.804,0.8053,0.7871,99.31K,-1.01%
11-Dec-19,0.804,0.7962,0.8192,0.7916,152.42K,0.97%
10-Dec-19,0.7962,0.8125,0.8139,0.7846,183.29K,-2.01%
9-Dec-19,0.8125,0.8337,0.842,0.8076,173.43K,-2.55%
8-Dec-19,0.8337,0.8224,0.8386,0.8103,144.20K,1.38%
7-Dec-19,0.8224,0.8228,0.8331,0.8189,132.10K,-0.05%
6-Dec-19,0.8228,0.818,0.8244,0.8045,170.22K,0.59%
5-Dec-19,0.818,0.8057,0.8329,0.8007,102.78K,1.53%
4-Dec-19,0.8057,0.844,0.8474,0.7845,356.34K,-4.54%
3-Dec-19,0.844,0.8403,0.8513,0.8317,193.33K,0.44%
2-Dec-19,0.8403,0.8846,0.8851,0.832,264.15K,-5.03%
1-Dec-19,0.8848,0.8897,0.9153,0.8403,305.26K,-0.55%
30-Nov-19,0.8897,0.9031,0.9129,0.8366,292.47K,-1.49%
29-Nov-19,0.9031,0.8247,0.9169,0.8185,320.16K,9.50%
28-Nov-19,0.8247,0.8336,0.8482,0.818,183.26K,-1.06%
27-Nov-19,0.8336,0.8042,0.8461,0.7744,327.81K,3.65%
26-Nov-19,0.8042,0.7729,0.8043,0.7664,198.29K,4.05%
25-Nov-19,0.7729,0.7598,0.8112,0.6919,675.00K,1.75%
24-Nov-19,0.7596,0.8046,0.8063,0.75,195.82K,-5.60%
23-Nov-19,0.8046,0.7942,0.8127,0.758,172.79K,1.30%
22-Nov-19,0.7942,0.8661,0.8692,0.7359,833.01K,-8.30%
21-Nov-19,0.8661,0.9016,0.9382,0.8498,525.45K,-3.93%
20-Nov-19,0.9016,0.8677,0.9353,0.8661,644.83K,3.90%
19-Nov-19,0.8677,0.8685,0.8717,0.8475,202.46K,-0.08%
18-Nov-19,0.8685,0.9202,0.9271,0.858,539.73K,-5.92%
17-Nov-19,0.9231,0.9304,0.9492,0.9125,212.75K,-0.79%
16-Nov-19,0.9304,0.9323,0.9423,0.9217,121.54K,-0.20%
15-Nov-19,0.9323,0.9838,0.9838,0.9205,417.22K,-5.24%
14-Nov-19,0.9838,0.992,0.9954,0.9409,532.19K,-0.83%
13-Nov-19,0.992,1.0281,1.0312,0.9839,342.23K,-3.50%
12-Nov-19,1.0281,1.0245,1.0464,1.0084,482.94K,0.35%
11-Nov-19,1.0245,1.0446,1.061,1.0082,522.50K,-1.93%
10-Nov-19,1.0446,0.978,1.0788,0.9726,787.03K,6.81%
9-Nov-19,0.978,0.9695,0.9911,0.9625,188.52K,0.88%
8-Nov-19,0.9695,1.0126,1.0418,0.9317,526.21K,-4.25%
7-Nov-19,1.0126,1.0256,1.0484,0.9403,1.01M,-1.27%
6-Nov-19,1.0256,0.9683,1.0855,0.9677,1.25M,5.93%
5-Nov-19,0.9683,0.9194,0.9859,0.8773,875.48K,5.32%
4-Nov-19,0.9194,0.8514,0.9216,0.8454,389.64K,7.98%
3-Nov-19,0.8514,0.8588,0.8626,0.8456,126.93K,-0.86%
2-Nov-19,0.8588,0.861,0.8733,0.8506,161.63K,-0.25%
1-Nov-19,0.861,0.857,0.8644,0.8446,141.50K,0.47%
31-Oct-19,0.857,0.8669,0.877,0.847,144.28K,-1.15%
30-Oct-19,0.8669,0.8683,0.8734,0.8396,230.25K,-0.16%
29-Oct-19,0.8683,0.8276,0.88,0.8239,263.11K,4.92%
28-Oct-19,0.8276,0.8488,0.8943,0.824,533.38K,-2.50%
27-Oct-19,0.8488,0.799,0.863,0.7891,744.44K,6.23%
26-Oct-19,0.799,0.8177,0.8766,0.7815,543.11K,-2.28%
25-Oct-19,0.8177,0.7565,0.8335,0.7495,474.03K,8.09%
24-Oct-19,0.7565,0.7208,0.7649,0.7153,200.27K,4.96%
23-Oct-19,0.7208,0.7925,0.7925,0.7065,380.18K,-9.05%
22-Oct-19,0.7925,0.8094,0.8129,0.789,197.77K,-2.10%
21-Oct-19,0.8094,0.8042,0.8283,0.7904,240.49K,0.65%
20-Oct-19,0.8042,0.7813,0.8353,0.7726,314.34K,2.93%
19-Oct-19,0.7813,0.7985,0.8007,0.777,220.09K,-2.16%
18-Oct-19,0.7985,0.8413,0.8426,0.7922,214.72K,-5.09%
17-Oct-19,0.8413,0.814,0.8698,0.792,313.21K,3.36%
16-Oct-19,0.814,0.8628,0.8686,0.7716,520.67K,-5.66%
15-Oct-19,0.8628,0.7871,0.9282,0.7836,841.62K,9.62%
14-Oct-19,0.7871,0.7719,0.792,0.7717,140.35K,1.97%
13-Oct-19,0.7719,0.7734,0.7873,0.7679,132.41K,-0.19%
12-Oct-19,0.7734,0.7746,0.7863,0.7675,124.15K,-0.18%
11-Oct-19,0.7748,0.7748,0.7878,0.7622,235.67K,0.00%
10-Oct-19,0.7748,0.8131,0.8136,0.7722,161.16K,-4.41%
9-Oct-19,0.8105,0.8013,0.8157,0.7838,319.55K,1.14%
8-Oct-19,0.8013,0.756,0.8052,0.7554,421.35K,6.00%
7-Oct-19,0.756,0.7167,0.7574,0.7155,285.41K,5.47%
6-Oct-19,0.7167,0.755,0.758,0.7076,230.19K,-5.06%
5-Oct-19,0.755,0.7368,0.7585,0.7283,206.77K,2.47%
4-Oct-19,0.7368,0.7441,0.7443,0.7121,146.57K,-0.99%
3-Oct-19,0.7441,0.7471,0.749,0.7196,167.98K,-0.40%
2-Oct-19,0.7471,0.7339,0.7474,0.7248,95.65K,1.79%
1-Oct-19,0.7339,0.7419,0.7575,0.7315,200.45K,-1.07%
30-Sep-19,0.7419,0.7161,0.7452,0.6965,204.56K,3.61%
29-Sep-19,0.7161,0.7379,0.7395,0.6993,153.57K,-2.96%
28-Sep-19,0.7379,0.7351,0.7451,0.7234,158.07K,0.35%
27-Sep-19,0.7353,0.7574,0.758,0.7154,210.08K,-2.92%
26-Sep-19,0.7574,0.7553,0.7933,0.7132,276.66K,0.23%
25-Sep-19,0.7557,0.7458,0.7678,0.7292,244.88K,1.32%
24-Sep-19,0.7458,0.875,0.8831,0.6729,491.72K,-14.76%
23-Sep-19,0.875,0.8973,0.9088,0.8663,176.28K,-2.48%
22-Sep-19,0.8973,0.9227,0.937,0.8889,281.99K,-2.76%
21-Sep-19,0.9227,0.9463,0.9469,0.9199,78.17K,-2.49%
20-Sep-19,0.9463,0.9488,0.9577,0.9258,162.13K,-0.27%
19-Sep-19,0.9488,0.9569,0.9676,0.903,353.18K,-0.87%
18-Sep-19,0.9571,0.9012,0.9716,0.9012,388.03K,6.20%
17-Sep-19,0.9012,0.8906,0.9315,0.867,431.87K,1.17%
16-Sep-19,0.8908,0.9062,0.914,0.8676,225.58K,-1.70%
15-Sep-19,0.9062,0.9019,0.9128,0.8995,142.72K,0.47%
14-Sep-19,0.9019,0.8985,0.9061,0.887,123.01K,0.38%
13-Sep-19,0.8985,0.8789,0.9038,0.8789,96.96K,2.23%
12-Sep-19,0.8789,0.9195,0.9201,0.8732,178.30K,-4.42%
11-Sep-19,0.9195,0.9062,0.9256,0.8825,193.89K,1.47%
10-Sep-19,0.9062,0.9182,0.9312,0.8923,124.55K,-1.31%
9-Sep-19,0.9182,0.9237,0.9321,0.902,173.57K,-0.60%
8-Sep-19,0.9237,0.9312,0.935,0.9131,123.74K,-0.80%
7-Sep-19,0.9312,0.8845,0.9431,0.8786,209.50K,5.28%
6-Sep-19,0.8845,0.9262,0.9419,0.8672,214.67K,-4.50%
5-Sep-19,0.9262,0.9615,0.9636,0.8903,448.36K,-3.65%
4-Sep-19,0.9613,0.9736,0.9803,0.9543,154.44K,-1.25%
3-Sep-19,0.9736,1.0111,1.0199,0.968,261.49K,-3.71%
2-Sep-19,1.0111,0.9724,1.0302,0.9631,164.38K,3.97%
1-Sep-19,0.9724,0.9552,0.9793,0.9431,88.64K,1.80%
31-Aug-19,0.9552,0.9749,0.9815,0.9387,93.34K,-2.01%
30-Aug-19,0.9749,0.9553,0.9789,0.9368,130.60K,2.05%
29-Aug-19,0.9553,0.9582,0.9649,0.9273,213.37K,-0.31%
28-Aug-19,0.9582,1.0247,1.0247,0.9404,224.29K,-6.48%
27-Aug-19,1.0247,1.0377,1.0408,1.0117,153.75K,-1.24%
26-Aug-19,1.0375,1.0287,1.0557,1.0193,155.16K,0.86%
25-Aug-19,1.0287,1.0304,1.0811,1.0104,446.94K,-0.17%
24-Aug-19,1.0304,1.0317,1.04,1.0017,251.28K,-0.12%
23-Aug-19,1.0317,1.0299,1.0406,1.0175,203.63K,0.17%
22-Aug-19,1.0299,1.0177,1.0624,0.9817,210.93K,1.20%
21-Aug-19,1.0177,1.0392,1.0413,0.9778,300.79K,-2.07%
20-Aug-19,1.0392,1.0801,1.0845,1.0301,255.91K,-3.78%
19-Aug-19,1.0801,1.0333,1.0857,1.021,386.44K,4.52%
18-Aug-19,1.0333,1.0211,1.0504,0.9979,188.50K,1.20%
17-Aug-19,1.0211,1.0287,1.0388,0.9973,159.81K,-0.74%
16-Aug-19,1.0287,1.0417,1.0433,0.9786,368.28K,-1.25%
15-Aug-19,1.0417,0.9879,1.0627,0.9879,457.12K,5.45%
14-Aug-19,0.9879,1.063,1.0707,0.9826,518.22K,-7.07%
13-Aug-19,1.063,1.1075,1.1251,1.0494,564.07K,-4.02%
12-Aug-19,1.1075,1.1255,1.1637,1.1066,502.28K,-1.60%
11-Aug-19,1.1255,1.1192,1.1384,1.1006,255.10K,0.57%
10-Aug-19,1.1192,1.1297,1.1903,1.0814,748.83K,-0.93%
9-Aug-19,1.1297,1.0647,1.1483,1.021,596.03K,6.11%
8-Aug-19,1.0647,1.0812,1.1143,1.0535,329.03K,-1.52%
7-Aug-19,1.0811,1.0933,1.1544,1.0748,438.04K,-1.11%
6-Aug-19,1.0933,1.1462,1.1611,1.0828,477.71K,-4.62%
5-Aug-19,1.1462,1.1701,1.1938,1.1415,480.43K,-2.04%
4-Aug-19,1.1701,1.1199,1.2136,1.1199,608.51K,4.48%
3-Aug-19,1.1199,1.1535,1.167,1.1121,373.45K,-2.91%
2-Aug-19,1.1535,1.1886,1.193,1.111,924.97K,-2.95%
1-Aug-19,1.1886,1.2759,1.2769,1.1657,883.99K,-6.85%
31-Jul-19,1.276,1.2955,1.332,1.2442,593.17K,-1.50%
30-Jul-19,1.2955,1.3428,1.3443,1.2698,625.69K,-3.52%
29-Jul-19,1.3428,1.3552,1.4188,1.3342,717.22K,-0.92%
28-Jul-19,1.3552,1.2889,1.3752,1.278,586.16K,5.14%
27-Jul-19,1.2889,1.3661,1.4118,1.2685,759.48K,-5.65%
26-Jul-19,1.3661,1.3763,1.4263,1.3281,1.28M,-0.72%
25-Jul-19,1.376,1.2142,1.4648,1.2034,1.95M,13.33%
24-Jul-19,1.2142,1.1562,1.2245,1.1151,417.99K,5.02%
23-Jul-19,1.1562,1.207,1.2174,1.1294,495.57K,-4.21%
22-Jul-19,1.207,1.2489,1.2573,1.1719,922.73K,-3.36%
21-Jul-19,1.2489,1.1873,1.2883,1.1524,1.72M,5.19%
20-Jul-19,1.1873,1.1037,1.2423,1.0885,1.08M,7.58%
19-Jul-19,1.1037,1.1033,1.1129,1.0559,540.23K,0.04%
18-Jul-19,1.1033,1.1284,1.1702,1.0519,1.43M,-2.22%
17-Jul-19,1.1284,0.9122,1.2349,0.8784,2.86M,23.70%
16-Jul-19,0.9122,1.0188,1.0342,0.8844,585.19K,-10.47%
15-Jul-19,1.0189,1.0139,1.0647,0.951,690.05K,0.49%
14-Jul-19,1.0139,1.1602,1.1611,1.0094,477.98K,-12.61%
13-Jul-19,1.1602,1.1876,1.2263,1.1021,559.17K,-2.30%
12-Jul-19,1.1876,1.0979,1.2099,1.074,588.32K,8.16%
11-Jul-19,1.0979,1.2396,1.2498,1.0784,857.76K,-11.42%
10-Jul-19,1.2395,1.376,1.3815,1.2014,1.20M,-9.92%
9-Jul-19,1.376,1.3812,1.436,1.3298,1.57M,-0.38%
8-Jul-19,1.3812,1.3349,1.4544,1.3102,4.73M,3.47%
7-Jul-19,1.3349,1.2395,1.3575,1.2344,2.47M,7.71%
6-Jul-19,1.2393,1.2272,1.2616,1.2144,3.24M,0.99%
5-Jul-19,1.2272,1.2125,1.2449,1.2055,3.86M,1.27%
4-Jul-19,1.2118,1.2985,1.2996,1.2061,2.49M,-6.67%
3-Jul-19,1.2985,1.26,1.3,1.2288,3.49M,3.05%
2-Jul-19,1.26,1.333,1.3415,1.2236,1.12M,-5.48%
1-Jul-19,1.333,1.24,1.3399,1.1988,1.35M,7.50%
30-Jun-19,1.24,1.3707,1.3795,1.2288,1.42M,-9.53%
29-Jun-19,1.3707,1.2986,1.3875,1.2436,1.59M,5.55%
28-Jun-19,1.2986,1.2785,1.3161,1.252,646.57K,1.57%
27-Jun-19,1.2785,1.3938,1.4325,1.2191,1.14M,-8.27%
26-Jun-19,1.3938,1.4246,1.5181,1.3202,2.09M,-2.16%
25-Jun-19,1.4246,1.4639,1.507,1.4198,845.86K,-2.68%
24-Jun-19,1.4639,1.5113,1.5113,1.454,611.72K,-3.14%
23-Jun-19,1.5113,1.5732,1.5987,1.4986,931.44K,-3.93%
22-Jun-19,1.5732,1.4445,1.5843,1.4047,1.46M,9.01%
21-Jun-19,1.4432,1.4554,1.499,1.3949,796.06K,-0.84%
20-Jun-19,1.4554,1.555,1.5654,1.4235,746.84K,-6.41%
19-Jun-19,1.555,1.5215,1.6205,1.5077,816.86K,2.20%
18-Jun-19,1.5215,1.5708,1.5718,1.5066,367.97K,-3.13%
17-Jun-19,1.5706,1.5688,1.5868,1.5332,560.80K,0.12%
16-Jun-19,1.5688,1.5582,1.5964,1.5305,774.26K,0.68%
15-Jun-19,1.5582,1.5728,1.6201,1.5488,622.85K,-0.93%
14-Jun-19,1.5728,1.7576,1.7644,1.5119,1.31M,-10.51%
13-Jun-19,1.7576,1.5773,1.7779,1.569,1.02M,11.48%
12-Jun-19,1.5766,1.5616,1.5948,1.5345,643.55K,0.98%
11-Jun-19,1.5613,1.5884,1.5905,1.4962,380.94K,-1.71%
10-Jun-19,1.5884,1.5067,1.6032,1.4737,541.13K,5.43%
9-Jun-19,1.5067,1.5969,1.6098,1.467,422.85K,-5.65%
8-Jun-19,1.5969,1.5931,1.6234,1.5367,473.35K,0.24%
7-Jun-19,1.5931,1.4934,1.6271,1.4788,809.88K,6.68%
6-Jun-19,1.4934,1.4916,1.5272,1.4161,536.78K,0.12%
5-Jun-19,1.4916,1.4719,1.5301,1.4503,6.28K,1.33%
4-Jun-19,1.4719,1.6184,1.6184,1.4334,29.93K,-9.05%
3-Jun-19,1.6184,1.7687,1.7687,1.6184,29.03K,-8.50%
2-Jun-19,1.7687,1.6782,1.8034,1.6782,25.70K,5.39%
1-Jun-19,1.6782,1.7274,1.7431,1.5965,23.15K,-2.85%
31-May-19,1.7274,1.6457,1.7395,1.5955,25.67K,4.96%
30-May-19,1.6457,1.786,1.9095,1.6258,46.85K,-7.86%
29-May-19,1.786,1.7617,1.8296,1.6681,52.04K,1.38%
28-May-19,1.7617,1.7974,1.798,1.7359,10.65K,-1.99%
27-May-19,1.7974,1.7173,1.8191,1.7162,20.06K,4.67%
26-May-19,1.7173,1.6686,1.7375,1.6309,54.51K,2.92%
25-May-19,1.6686,1.6689,1.7017,1.6444,21.34K,0.02%
24-May-19,1.6682,1.6656,1.7248,1.6431,24.64K,0.16%
23-May-19,1.6656,1.6502,1.6818,1.5704,20.79K,0.93%
22-May-19,1.6502,1.738,1.7682,1.6348,18.59K,-5.05%
21-May-19,1.738,1.7166,1.7852,1.6783,30.42K,1.24%
20-May-19,1.7166,1.8135,1.8135,1.638,14.75K,-5.34%
19-May-19,1.8135,1.7009,1.8407,1.6923,25.23K,6.62%
18-May-19,1.7009,1.7423,1.9525,1.6919,16.62K,-2.38%
17-May-19,1.7423,1.8265,1.8561,1.6148,23.97K,-4.61%
16-May-19,1.8265,1.8726,2.1372,1.7606,56.35K,-2.46%
15-May-19,1.8726,1.7836,1.9447,1.7491,41.12K,4.99%
14-May-19,1.7836,1.7114,1.843,1.6848,45.39K,4.22%
13-May-19,1.7114,1.6464,1.8835,1.6328,67.87K,3.95%
12-May-19,1.6464,1.6912,1.8316,1.58,85.97K,-2.65%
11-May-19,1.6912,1.4774,1.7143,1.4748,80.83K,14.48%
10-May-19,1.4774,1.4761,1.5555,1.4014,67.63K,0.08%
9-May-19,1.4761,1.4902,1.5355,1.4253,61.01K,-0.95%
8-May-19,1.4902,1.5263,1.5337,1.4763,60.17K,-2.36%
7-May-19,1.5263,1.4587,1.6476,1.4587,68.99K,4.64%
6-May-19,1.4587,1.4183,1.4928,1.3833,52.92K,2.85%
5-May-19,1.4183,1.4417,1.4691,1.4002,39.76K,-1.63%
4-May-19,1.4417,1.4915,1.5291,1.3775,53.17K,-3.34%
3-May-19,1.4915,1.4786,1.5178,1.404,51.67K,0.87%
2-May-19,1.4786,1.4943,1.506,1.4617,39.21K,-1.05%
1-May-19,1.4943,1.5275,1.5454,1.4741,31.94K,-2.17%
30-Apr-19,1.5275,1.4033,1.5381,1.4033,25.96K,8.84%
29-Apr-19,1.4033,1.5693,1.5693,1.4033,45.92K,-10.58%
28-Apr-19,1.5693,1.586,1.6656,1.5526,40.35K,-1.05%
27-Apr-19,1.586,1.5747,1.6473,1.5053,32.48K,0.71%
26-Apr-19,1.5747,1.6399,1.7332,1.485,59.29K,-3.97%
25-Apr-19,1.6399,1.7821,1.8432,1.6176,55.51K,-7.98%
24-Apr-19,1.7821,1.9111,1.9111,1.6985,47.11K,-6.75%
23-Apr-19,1.9111,1.7707,1.959,1.7679,39.55K,7.93%
22-Apr-19,1.7707,1.6809,1.8198,1.63,18.07K,5.34%
21-Apr-19,1.6809,1.6997,1.7,1.576,5.42K,-1.11%
20-Apr-19,1.6997,1.6736,1.7577,1.6014,12.82K,1.98%
19-Apr-19,1.6668,1.637,1.7484,1.6023,2.38K,1.82%
18-Apr-19,1.637,1.6012,1.6949,1.6012,14.90K,2.24%
17-Apr-19,1.6012,1.544,1.6474,1.5262,8.78K,3.70%
16-Apr-19,1.544,1.5328,1.5578,1.4742,5.95K,0.73%
15-Apr-19,1.5328,1.5856,1.6281,1.3972,5.84K,-3.33%
14-Apr-19,1.5856,1.5585,1.598,1.4935,4.00K,1.73%
13-Apr-19,1.5585,1.6236,1.6492,1.527,11.94K,-4.01%
12-Apr-19,1.6236,1.4655,1.6692,1.4031,18.90K,10.79%
11-Apr-19,1.4655,1.6385,1.6571,1.4076,31.04K,-10.56%
10-Apr-19,1.6385,1.6927,1.7163,1.6189,17.32K,-3.20%
9-Apr-19,1.6927,1.572,1.8375,1.572,60.75K,7.68%
8-Apr-19,1.572,1.392,1.7393,1.3878,54.18K,12.93%
7-Apr-19,1.392,1.3826,1.4226,1.3703,10.72K,0.68%
6-Apr-19,1.3826,1.4228,1.4723,1.3772,14.27K,-2.82%
5-Apr-19,1.4228,1.303,1.5097,1.303,34.40K,9.19%
4-Apr-19,1.303,1.3402,1.5519,1.286,33.72K,-2.78%
3-Apr-19,1.3402,1.4298,1.5896,1.2778,65.19K,-6.26%
2-Apr-19,1.4298,1.1331,1.5796,1.1314,81.62K,26.18%
1-Apr-19,1.1331,1.1071,1.1611,1.1069,20.06K,2.35%
31-Mar-19,1.1071,1.0225,1.1632,0.9933,69.66K,8.28%
30-Mar-19,1.0225,1.0318,1.0424,1.0172,23.10K,-0.91%
29-Mar-19,1.0318,1.0235,1.0354,1.01,24.70K,0.82%
28-Mar-19,1.0235,1.0049,1.038,0.9834,11.34K,1.85%
27-Mar-19,1.0049,0.946,1.0049,0.9344,15.43K,6.22%
26-Mar-19,0.946,0.9518,0.9663,0.9209,6.90K,-0.61%
25-Mar-19,0.9518,0.9803,0.9803,0.9471,19.48K,-2.90%
24-Mar-19,0.9803,0.9896,1.0213,0.969,5.88K,-0.95%
23-Mar-19,0.9896,0.9839,0.9965,0.9778,2.12K,0.59%
22-Mar-19,0.9839,0.9744,0.9839,0.9681,8.88K,0.97%
21-Mar-19,0.9744,1.0103,1.0277,0.922,24.49K,-3.55%
20-Mar-19,1.0103,0.9964,1.0182,0.989,5.03K,1.39%
19-Mar-19,0.9964,1.0022,1.0022,0.9845,1.97K,-0.57%
18-Mar-19,1.0022,1.0295,1.0384,0.9903,9.34K,-2.65%
17-Mar-19,1.0295,1.0054,1.0498,0.9752,10.35K,2.40%
16-Mar-19,1.0054,1.0068,1.0747,0.9697,6.57K,-0.14%
15-Mar-19,1.0068,1.016,1.1177,0.9859,16.69K,-1.96%
14-Mar-19,1.0269,0.9705,1.0947,0.9474,41.84K,5.82%
13-Mar-19,0.9705,0.9954,1.0128,0.9332,14.41K,-2.51%
12-Mar-19,0.9954,0.9233,1.014,0.8722,53.06K,7.81%
11-Mar-19,0.9233,0.9755,1.0038,0.8964,27.03K,-5.35%
10-Mar-19,0.9755,0.9003,1.0111,0.9003,46.64K,8.36%
9-Mar-19,0.9003,0.9004,0.9038,0.8602,22.89K,-0.01%
8-Mar-19,0.9004,0.8782,0.9004,0.8594,1.93K,2.52%
7-Mar-19,0.8782,0.8769,0.8824,0.8593,11.72K,0.15%
6-Mar-19,0.8769,0.8752,0.9072,0.8669,1.39K,0.19%
5-Mar-19,0.8752,0.8564,0.9358,0.8544,6.12K,2.19%
4-Mar-19,0.8564,0.8826,0.8826,0.8403,2.24K,-2.97%
3-Mar-19,0.8826,0.8891,0.9139,0.8826,1.87K,-0.73%
2-Mar-19,0.8891,0.8964,0.8965,0.8622,0.41K,-0.81%
1-Mar-19,0.8964,0.8443,0.9016,0.8398,0.12K,6.18%
28-Feb-19,0.8443,0.8538,0.88,0.8443,0.39K,-1.12%
27-Feb-19,0.8538,0.8554,0.8792,0.8483,4.08K,-0.19%
26-Feb-19,0.8554,0.863,0.863,0.8493,2.29K,-0.88%
25-Feb-19,0.863,0.8573,0.8816,0.8571,2.08K,0.66%
24-Feb-19,0.8574,0.9588,1.0411,0.8526,7.46K,-10.36%
23-Feb-19,0.9564,0.9192,0.9564,0.8975,9.62K,4.05%
22-Feb-19,0.9192,0.8908,0.9732,0.8844,3.11K,3.18%
21-Feb-19,0.8908,0.9095,0.9123,0.8765,5.70K,-2.05%
20-Feb-19,0.9095,0.8939,0.9146,0.8881,1.22K,1.75%
19-Feb-19,0.8939,0.8945,0.9186,0.8887,4.91K,-0.07%
18-Feb-19,0.8945,0.8593,1.0692,0.8592,12.72K,4.10%
17-Feb-19,0.8593,0.8336,0.8677,0.8336,1.58K,3.08%
16-Feb-19,0.8336,0.8226,0.8358,0.8153,0.27K,1.34%
15-Feb-19,0.8226,0.8214,0.8456,0.8163,0.49K,0.14%
14-Feb-19,0.8214,0.8173,1.034,0.8173,3.78K,0.50%
13-Feb-19,0.8173,0.8461,1.1228,0.7588,72.02K,-3.40%
12-Feb-19,0.8461,0.7905,0.8642,0.7765,9.14K,7.03%
11-Feb-19,0.7905,0.8096,0.8195,0.7714,1.42K,-2.35%
10-Feb-19,0.8096,0.8264,0.8387,0.7626,3.82K,-2.03%
9-Feb-19,0.8264,0.8432,0.8641,0.8262,4.67K,-2.00%
8-Feb-19,0.8432,0.7622,0.8742,0.7574,4.77K,10.63%
7-Feb-19,0.7622,0.7576,0.7854,0.7556,2.05K,0.60%
6-Feb-19,0.7576,0.7751,0.7816,0.7482,8.16K,-2.26%
5-Feb-19,0.7751,0.8057,0.8153,0.754,34.69K,-3.80%
4-Feb-19,0.8057,0.8204,0.8263,0.8039,4.08K,-1.79%
3-Feb-19,0.8204,0.8204,0.8301,0.8148,0.96K,0.00%
2-Feb-19,0.8204,0.8433,0.8543,0.8204,2.32K,-2.71%
1-Feb-19,0.8433,0.8392,0.8716,0.8265,12.58K,0.49%
31-Jan-19,0.8392,0.8804,0.8891,0.8392,3.02K,-4.69%
30-Jan-19,0.8804,0.8611,0.8907,0.8513,9.37K,2.25%
29-Jan-19,0.8611,0.9023,1.037,0.8465,8.77K,-4.57%
28-Jan-19,0.9023,0.9345,0.9346,0.8613,36.90K,-3.44%
27-Jan-19,0.9345,1.001,1.0654,0.8996,8.11K,-6.64%
26-Jan-19,1.001,0.9993,1.0643,0.9941,44.59K,0.16%
25-Jan-19,0.9993,0.9664,1.0078,0.9495,10.35K,3.41%
24-Jan-19,0.9664,0.9145,0.9678,0.9145,24.81K,5.67%
23-Jan-19,0.9145,0.8787,1.1353,0.8787,26.66K,4.07%
22-Jan-19,0.8787,0.8706,0.8834,0.8442,1.37K,0.93%
21-Jan-19,0.8706,0.8578,0.9019,0.8495,2.61K,1.49%
20-Jan-19,0.8578,0.886,0.9035,0.8471,3.52K,-3.18%
19-Jan-19,0.886,0.8619,0.9038,0.8619,2.55K,2.79%
18-Jan-19,0.8619,0.874,0.8755,0.8619,1.26K,-1.38%
17-Jan-19,0.874,0.8716,0.8757,0.8353,6.95K,0.28%
16-Jan-19,0.8716,0.8253,0.9757,0.8253,9.10K,5.61%
15-Jan-19,0.8253,0.8634,0.8673,0.8253,4.04K,-4.42%
14-Jan-19,0.8634,0.8006,0.8681,0.8006,0.80K,7.84%
13-Jan-19,0.8006,0.8636,0.8753,0.8006,2.09K,-7.29%
12-Jan-19,0.8636,0.8778,0.887,0.858,1.43K,-1.62%
11-Jan-19,0.8778,0.869,0.9136,0.8625,11.80K,1.01%
10-Jan-19,0.869,1.0092,1.0532,0.8582,9.36K,-13.89%
9-Jan-19,1.0092,0.9499,1.0092,0.9499,4.99K,6.24%
8-Jan-19,0.9499,0.9545,0.969,0.9415,2.50K,-0.48%
7-Jan-19,0.9545,0.9775,0.9786,0.9423,2.43K,-2.36%
6-Jan-19,0.9775,0.8886,1.0015,0.8852,2.83K,10.00%
5-Jan-19,0.8886,0.9193,0.9515,0.8886,1.61K,-3.33%
4-Jan-19,0.9193,0.9252,0.9252,0.8909,1.43K,-0.64%
3-Jan-19,0.9252,0.9731,0.9731,0.9197,3.81K,-4.92%
2-Jan-19,0.9731,0.9299,0.9731,0.9156,2.40K,4.65%
1-Jan-19,0.9299,0.8907,0.9448,0.8542,1.46K,4.39%
31-Dec-18,0.8907,0.9435,0.9446,0.8907,1.78K,-5.59%
30-Dec-18,0.9435,0.9673,0.9673,0.9143,1.59K,-2.47%
29-Dec-18,0.9673,0.9759,0.998,0.9425,8.51K,-0.87%
28-Dec-18,0.9759,0.8726,0.9946,0.8676,6.05K,11.83%
27-Dec-18,0.8726,0.9628,0.9639,0.8724,21.93K,-9.37%
26-Dec-18,0.9628,0.9486,0.9981,0.936,3.36K,1.50%
25-Dec-18,0.9486,1.0609,1.0609,0.912,9.50K,-10.58%
24-Dec-18,1.0609,1.0421,1.1628,1.0396,9.28K,1.80%
23-Dec-18,1.0421,1.0287,1.0749,1.0233,7.37K,1.31%
22-Dec-18,1.0287,0.972,1.0344,0.9657,8.76K,5.83%
21-Dec-18,0.972,1.0228,1.0507,0.9384,12.06K,-4.96%
20-Dec-18,1.0228,0.9115,1.0475,0.9115,16.50K,12.21%
19-Dec-18,0.9115,0.9062,1.0192,0.9058,19.69K,0.59%
18-Dec-18,0.9062,0.8613,0.9073,0.8366,3.01K,5.21%
17-Dec-18,0.8613,0.768,0.8832,0.7435,7.18K,12.16%
16-Dec-18,0.768,0.7433,0.7882,0.7417,2.25K,3.32%
15-Dec-18,0.7433,0.7729,0.7922,0.7352,5.86K,-3.83%
14-Dec-18,0.7729,0.7932,0.8043,0.7668,5.75K,-2.55%
13-Dec-18,0.7932,0.8369,0.8369,0.7873,2.00K,-5.23%
12-Dec-18,0.8369,0.8056,0.8483,0.8056,2.17K,3.89%
11-Dec-18,0.8056,0.8364,0.8365,0.804,1.98K,-3.68%
10-Dec-18,0.8364,0.8783,0.8794,0.8216,2.77K,-4.78%
9-Dec-18,0.8783,0.8635,0.9101,0.8439,8.07K,1.72%
8-Dec-18,0.8635,0.83,0.8741,0.8109,7.97K,4.03%
7-Dec-18,0.83,0.8388,0.8639,0.7796,55.32K,-1.04%
6-Dec-18,0.8388,0.9428,0.9679,0.8388,40.63K,-11.04%
5-Dec-18,0.9428,0.9715,0.9812,0.9348,32.03K,-2.95%
4-Dec-18,0.9715,0.9814,1.0103,0.93,10.00K,-1.01%
3-Dec-18,0.9814,1.0613,1.0652,0.9467,26.97K,-7.53%
2-Dec-18,1.0613,1.0836,1.1356,1.0252,11.97K,-2.06%
1-Dec-18,1.0836,1.0118,1.0991,0.9885,7.96K,7.10%
30-Nov-18,1.0118,1.112,1.1668,0.9736,8.40K,-9.01%
29-Nov-18,1.112,1.0942,1.2457,1.034,38.90K,1.62%
28-Nov-18,1.0942,0.9873,1.1381,0.9873,17.87K,10.83%
27-Nov-18,0.9873,1.0107,1.0109,0.9347,3.13K,-2.32%
26-Nov-18,1.0107,1.0377,1.1132,0.9325,11.86K,-2.60%
25-Nov-18,1.0377,0.9724,1.0593,0.8776,17.72K,6.71%
24-Nov-18,0.9724,1.1042,1.1602,0.9148,20.57K,-11.93%
23-Nov-18,1.1042,1.0456,1.1042,1.0401,10.11K,5.60%
22-Nov-18,1.0456,1.1659,1.2226,1.0302,13.77K,-10.32%
21-Nov-18,1.1659,1.1101,1.3815,1.11,10.39K,5.03%
20-Nov-18,1.1101,1.1829,1.3609,1.0204,41.94K,-6.15%
19-Nov-18,1.1829,1.4815,1.4858,1.1184,17.48K,-20.16%
18-Nov-18,1.4815,1.3844,1.5099,1.3844,7.72K,7.02%
17-Nov-18,1.3844,1.4584,1.4584,1.3214,3.85K,-5.08%
16-Nov-18,1.4584,1.5079,1.5097,1.3767,4.04K,-3.28%
15-Nov-18,1.5079,1.5638,1.6031,1.3323,15.12K,-3.57%
14-Nov-18,1.5638,1.7903,1.8328,1.421,25.22K,-12.65%
13-Nov-18,1.7903,1.8375,1.8381,1.7771,1.03K,-2.57%
12-Nov-18,1.8375,1.8198,1.897,1.818,3.52K,0.97%
11-Nov-18,1.8198,1.8533,1.8627,1.8197,4.06K,-1.80%
10-Nov-18,1.8533,1.8559,1.8856,1.8433,0.33K,-0.14%
9-Nov-18,1.8559,1.8695,1.8933,1.8458,4.47K,-0.73%
8-Nov-18,1.8695,1.9638,1.9903,1.8664,4.62K,-4.80%
7-Nov-18,1.9638,1.9539,1.9994,1.9508,6.35K,0.51%
6-Nov-18,1.9539,1.9375,1.9765,1.8965,1.64K,0.85%
5-Nov-18,1.9375,1.9518,1.9597,1.8713,6.84K,-0.73%
4-Nov-18,1.9518,1.9044,1.9518,1.8936,3.28K,2.49%
3-Nov-18,1.9044,1.9792,1.9793,1.9044,2.07K,-3.78%
2-Nov-18,1.9792,1.9619,1.9846,1.9108,12.34K,0.88%
1-Nov-18,1.9619,2.0654,2.075,1.9263,11.42K,-5.01%
31-Oct-18,2.0654,1.8946,2.0819,1.8815,22.70K,9.01%
30-Oct-18,1.8946,1.8759,1.9561,1.8483,13.53K,1.00%
29-Oct-18,1.8759,2.0292,2.0292,1.8442,5.76K,-7.55%
28-Oct-18,2.0292,2.0541,2.0541,2.0007,1.81K,-1.21%
27-Oct-18,2.0541,2.0662,2.115,2.0241,8.55K,-0.58%
26-Oct-18,2.0662,1.9927,2.0662,1.9927,4.91K,3.69%
25-Oct-18,1.9927,2.0608,2.0608,1.9883,3.19K,-3.30%
24-Oct-18,2.0608,2.0256,2.089,2.0166,1.80K,1.74%
23-Oct-18,2.0256,2.0541,2.0957,1.9763,4.18K,-1.39%
22-Oct-18,2.0541,2.1231,2.1281,1.9828,3.61K,-3.25%
21-Oct-18,2.1231,2.1412,2.1723,2.0731,2.41K,-0.85%
20-Oct-18,2.1412,2.0015,2.1412,1.9954,1.91K,6.98%
19-Oct-18,2.0015,1.9939,2.1003,1.9936,3.62K,0.38%
18-Oct-18,1.9939,2.1505,2.2206,1.948,10.96K,-7.28%
17-Oct-18,2.1505,1.9388,2.1913,1.9387,16.31K,10.92%
16-Oct-18,1.9388,1.8771,2.0741,1.8636,7.02K,3.29%
15-Oct-18,1.8771,1.8251,2.1545,1.78,25.51K,2.85%
14-Oct-18,1.8251,1.8275,1.8804,1.8251,9.60K,-0.13%
13-Oct-18,1.8275,1.8746,1.904,1.8235,5.93K,-2.52%
12-Oct-18,1.8746,1.7923,1.9048,1.7775,4.10K,4.59%
11-Oct-18,1.7923,2.1735,2.177,1.7185,31.85K,-17.54%
10-Oct-18,2.1735,2.186,2.2021,2.1378,3.56K,-0.57%
9-Oct-18,2.186,2.2739,2.3021,2.1183,8.24K,-3.87%
8-Oct-18,2.2739,2.1475,2.2739,2.1456,5.86K,5.89%
7-Oct-18,2.1475,2.1696,2.1761,2.1243,4.92K,-1.02%
6-Oct-18,2.1696,2.1865,2.243,2.1339,6.77K,-0.77%
5-Oct-18,2.1865,2.2127,2.2264,2.1737,1.39K,-1.19%
4-Oct-18,2.2127,2.1307,2.2467,2.1307,9.09K,3.85%
3-Oct-18,2.1307,2.1611,2.2264,2.0784,5.88K,-1.41%
2-Oct-18,2.1611,2.2634,2.2744,2.1611,9.07K,-4.52%
1-Oct-18,2.2634,2.2354,2.3326,2.2089,11.95K,1.25%
30-Sep-18,2.2354,2.2437,2.2987,2.2118,4.81K,-0.37%
29-Sep-18,2.2437,2.1981,2.2807,2.1667,2.27K,2.08%
28-Sep-18,2.1981,2.3944,2.3944,2.151,13.02K,-8.20%
27-Sep-18,2.3944,2.2589,2.5446,2.2097,28.06K,6.00%
26-Sep-18,2.2589,2.2582,2.4225,2.1847,29.63K,0.03%
25-Sep-18,2.2582,2.2349,2.2582,2.0616,13.35K,1.04%
24-Sep-18,2.2349,2.4752,2.4752,2.155,8.62K,-9.71%
23-Sep-18,2.4752,2.4231,2.4933,2.2999,7.00K,2.15%
22-Sep-18,2.4231,2.5888,2.5945,2.3215,40.56K,-6.40%
21-Sep-18,2.5888,2.5727,2.7219,2.4932,40.45K,0.63%
20-Sep-18,2.5727,2.355,2.6312,2.3171,31.01K,9.25%
19-Sep-18,2.355,2.3409,2.3875,2.1473,19.89K,0.60%
18-Sep-18,2.3409,2.1999,2.4708,2.164,28.33K,6.41%
17-Sep-18,2.1999,2.4619,2.6716,2.1292,52.01K,-10.64%
16-Sep-18,2.4619,2.4968,2.6748,2.3503,29.41K,-1.40%
15-Sep-18,2.4968,2.5217,2.7441,2.4883,27.53K,-0.99%
14-Sep-18,2.5217,2.4524,2.7527,2.2496,48.35K,2.83%
13-Sep-18,2.4524,2.003,2.5655,1.9445,76.71K,22.43%
12-Sep-18,2.003,1.7693,2.0067,1.5942,26.79K,13.21%
11-Sep-18,1.7693,1.9071,2.0015,1.7172,10.10K,-7.23%
10-Sep-18,1.9071,1.9898,2.048,1.9004,6.22K,-4.16%
9-Sep-18,1.9898,2.1162,2.1266,1.9275,35.83K,-5.97%
8-Sep-18,2.1162,2.342,2.4317,2.0569,7.94K,-9.64%
7-Sep-18,2.342,2.5045,2.5433,2.289,21.36K,-6.49%
6-Sep-18,2.5045,2.3761,2.5064,2.1393,33.63K,1.92%
5-Sep-18,2.4573,2.7897,2.8094,2.4573,44.42K,-26.27%
26-Aug-18,3.3329,2.8626,3.7749,2.6371,119.51K,16.43%
25-Aug-18,2.8626,2.4275,3.0053,2.2868,42.15K,17.93%
24-Aug-18,2.4275,1.9812,2.6,1.9729,32.01K,22.52%
23-Aug-18,1.9812,1.7789,2.011,1.7782,16.40K,11.37%
22-Aug-18,1.7789,1.8182,2.0518,1.6525,18.84K,-2.16%
21-Aug-18,1.8182,1.5674,1.8182,1.5551,12.94K,16.00%
20-Aug-18,1.5674,1.7333,1.845,1.5674,12.90K,-9.58%
19-Aug-18,1.7333,1.5456,1.7372,1.4804,22.71K,12.14%
18-Aug-18,1.5456,1.7725,1.7725,1.4202,17.73K,-12.80%
17-Aug-18,1.7725,1.326,1.9983,1.326,73.05K,33.67%
16-Aug-18,1.326,1.1112,1.3329,1.1025,27.55K,19.33%
15-Aug-18,1.1112,0.9753,1.2544,0.9392,28.47K,13.94%
14-Aug-18,0.9753,1.0156,1.058,0.8141,17.93K,-3.97%
13-Aug-18,1.0156,1.1631,1.325,1.0067,18.09K,-12.68%
12-Aug-18,1.1631,1.1616,1.1631,1.0933,1.75K,0.13%
11-Aug-18,1.1616,1.2042,1.257,1.0715,6.62K,-3.53%
10-Aug-18,1.2042,1.3926,1.4017,1.1997,7.84K,-13.53%
9-Aug-18,1.3926,1.3117,1.3928,1.2825,3.51K,6.17%
8-Aug-18,1.3117,1.5,1.671,1.3028,17.68K,-12.55%
7-Aug-18,1.5,1.518,1.6594,1.5,1.44K,-1.19%
6-Aug-18,1.518,2.0142,2.632,1.518,1.04K,-24.64%
5-Aug-18,2.0142,1.5485,2.4472,1.5485,-,30.08%
4-Aug-18,1.5485,1.578,2.5949,1.4857,0.76K,-1.87%
3-Aug-18,1.578,1.6891,1.6891,1.4383,7.02K,-6.58%
2-Aug-18,1.6891,1.6003,1.994,1.5005,16.03K,5.55%
1-Aug-18,1.6003,1.751,1.8089,1.6003,2.76K,-8.61%
31-Jul-18,1.751,2.1,2.1239,1.751,1.23K,-16.62%
30-Jul-18,2.1,2.1887,2.2298,2.0053,6.28K,-4.05%
29-Jul-18,2.1887,2.2004,2.4904,2.1313,1.76K,-0.53%
28-Jul-18,2.2004,2.25,2.5205,2.1956,1.63K,-2.20%
27-Jul-18,2.25,2.1783,2.3164,2.12,4.24K,3.29%
26-Jul-18,2.1783,2.3612,2.4325,2.1783,1.49K,-7.75%
25-Jul-18,2.3612,2.353,2.8,2.22,7.57K,0.35%
24-Jul-18,2.353,2.22,2.353,2.1687,8.99K,5.99%
23-Jul-18,2.22,2.37,2.6066,2.22,4.96K,-6.33%
22-Jul-18,2.37,2.4251,2.5458,2.3478,1.54K,-2.27%
21-Jul-18,2.4251,2.2982,2.4993,2.264,9.00K,5.52%
20-Jul-18,2.2982,2.7219,2.7219,2.2982,16.97K,-15.57%
19-Jul-18,2.7219,2.7519,2.8266,2.7,7.46K,-1.09%
18-Jul-18,2.7519,2.7891,2.9808,2.6338,26.38K,-1.33%
17-Jul-18,2.7891,2.4841,2.8211,2.4205,17.43K,12.41%
16-Jul-18,2.4812,2.2016,2.4968,2.197,20.73K,12.70%
15-Jul-18,2.2016,2.1899,2.3788,2.1899,1.82K,0.53%
14-Jul-18,2.1899,2.1648,2.255,2.1183,8.40K,1.16%
13-Jul-18,2.1648,2.2368,2.3063,2.1648,12.05K,-3.22%
12-Jul-18,2.2368,2.2862,2.3172,2.1241,11.84K,-2.16%
11-Jul-18,2.2862,2.2547,2.2862,2.1633,12.63K,1.40%
10-Jul-18,2.2547,2.4385,2.4391,2.1085,23.83K,-7.54%
9-Jul-18,2.4385,2.6826,2.6826,2.4124,31.20K,-9.10%
8-Jul-18,2.6826,2.6034,2.7329,2.5269,11.03K,3.04%
7-Jul-18,2.6034,2.6013,2.66,2.4633,14.16K,0.08%
6-Jul-18,2.6013,2.5458,2.6202,2.4408,6.00K,2.18%
5-Jul-18,2.5458,2.6808,2.755,2.484,11.61K,-5.04%
4-Jul-18,2.6808,2.5923,2.7896,2.5027,21.90K,3.41%
3-Jul-18,2.5923,2.7256,2.8317,2.5804,46.77K,-4.89%
2-Jul-18,2.7256,2.4526,2.7559,2.4287,23.63K,11.13%
1-Jul-18,2.4526,2.4382,2.4868,2.3288,6.11K,2.06%
30-Jun-18,2.4032,2.3254,2.5163,2.298,18.76K,6.43%
29-Jun-18,2.258,2.1762,2.2993,2.1049,5.00K,3.76%
28-Jun-18,2.1762,2.3115,2.3237,2.172,4.23K,-5.85%
27-Jun-18,2.3113,2.1956,2.3402,2.1465,6.39K,4.92%
26-Jun-18,2.2029,2.4095,2.4135,2.2029,4.33K,-9.08%
25-Jun-18,2.423,2.4818,2.4905,2.2407,26.01K,-2.37%
24-Jun-18,2.4817,2.5165,2.9981,2.0771,50.54K,-1.39%
23-Jun-18,2.5167,2.5172,2.6705,2.4593,14.31K,0.41%
22-Jun-18,2.5064,2.9434,3.0301,2.4845,32.44K,-14.85%
21-Jun-18,2.9435,2.8421,3.3217,2.818,33.99K,3.57%
20-Jun-18,2.842,2.7787,2.8545,2.6258,7.03K,2.28%
19-Jun-18,2.7786,2.749,3.5219,2.7236,18.79K,1.97%
18-Jun-18,2.7249,2.5923,2.7997,2.5649,10.03K,5.11%
17-Jun-18,2.5923,2.7069,2.79,2.5923,3.44K,-4.23%
16-Jun-18,2.7069,2.6222,2.7069,2.5215,6.02K,3.23%
15-Jun-18,2.6222,2.9304,2.937,2.5748,14.00K,-10.52%
14-Jun-18,2.9305,2.5746,3.0403,2.4704,24.70K,13.80%
13-Jun-18,2.575,2.6955,3.0592,2.4016,24.06K,-6.53%
12-Jun-18,2.755,3.1681,3.2034,2.6706,13.80K,-13.05%
11-Jun-18,3.1684,3.1208,3.2363,3.0104,14.18K,3.23%
10-Jun-18,3.0693,3.7766,3.7766,3.0693,21.96K,-18.75%
9-Jun-18,3.7775,3.9313,4.0074,3.7775,4.11K,-2.56%
8-Jun-18,3.8767,4.093,4.0934,3.803,10.10K,-5.28%
7-Jun-18,4.093,3.9393,4.5668,3.9275,16.02K,3.90%
6-Jun-18,3.9392,4.0734,4.0734,3.7057,13.52K,-3.29%
5-Jun-18,4.0734,3.8874,4.1837,3.2131,15.96K,3.74%
4-Jun-18,3.9267,4.3146,4.5188,3.9267,11.08K,-8.38%
3-Jun-18,4.2861,4.2424,4.5452,4.1419,5.65K,1.04%
2-Jun-18,4.2422,4.1149,4.4133,4.1149,3.71K,3.10%
1-Jun-18,4.1147,4.2455,4.2706,3.9675,6.57K,-2.27%
31-May-18,4.2101,4.0269,4.4059,3.9016,11.62K,4.55%
30-May-18,4.0269,4.1534,4.3229,3.8153,12.71K,-3.03%
29-May-18,4.1529,3.7403,4.3617,3.6314,16.14K,11.03%
28-May-18,3.7402,4.2053,4.212,3.6535,11.94K,-11.06%
27-May-18,4.2055,4.2405,4.5375,4.0874,11.38K,-0.82%
26-May-18,4.2403,4.3237,4.64,4.2266,12.85K,-1.99%
25-May-18,4.3263,4.5484,4.6255,4.3263,8.70K,-4.88%
24-May-18,4.5484,4.2979,4.7236,4.1962,12.99K,5.83%
23-May-18,4.2979,4.8915,5.0652,4.2505,21.76K,-11.88%
22-May-18,4.8776,5.3443,5.4088,4.5497,15.06K,-8.73%
21-May-18,5.3443,5.7168,5.8127,5.2836,14.39K,-6.52%
20-May-18,5.7168,5.4888,5.8127,5.4377,8.44K,4.16%
19-May-18,5.4888,5.6559,5.6962,5.394,5.56K,-2.95%
18-May-18,5.6559,5.5128,5.826,5.2903,6.10K,2.60%
17-May-18,5.5128,5.9382,6.2874,5.4832,7.67K,-7.16%
16-May-18,5.9382,6.1271,6.1271,5.8046,6.44K,-3.08%
15-May-18,6.1271,6.4251,6.5663,6.0793,4.13K,-4.64%
14-May-18,6.4253,6.6936,6.7125,6.0534,7.84K,-4.01%
13-May-18,6.6936,6.3492,6.8291,6.0665,3.27K,5.42%
12-May-18,6.3492,6.218,6.8948,5.6832,15.15K,2.11%
11-May-18,6.218,7.0412,7.1471,5.9478,17.14K,-11.69%
10-May-18,7.0412,7.7922,8.086,7.0006,6.62K,-9.64%
9-May-18,7.7922,8.1284,8.1284,7.3092,7.84K,-4.14%
8-May-18,8.1284,8.5842,8.5847,7.8686,7.09K,-4.22%
7-May-18,8.4867,8.8519,8.8519,8.0109,17.25K,-4.13%
6-May-18,8.8519,9.281,9.3325,8.4005,11.91K,-4.64%
5-May-18,9.283,9.4381,9.8856,9.1074,20.43K,-1.64%
4-May-18,9.4381,9.9516,10.6509,9.1494,33.44K,-5.16%
3-May-18,9.9516,8.6556,10.4555,8.3589,40.88K,14.97%
2-May-18,8.6555,8.3146,8.8092,7.9131,15.54K,4.11%
1-May-18,8.3142,8.7157,8.7157,7.54,29.18K,-4.61%
30-Apr-18,8.7157,8.9687,10.1879,8.241,53.79K,-2.82%
29-Apr-18,8.9687,7.4561,10.4662,7.4451,56.12K,20.29%
28-Apr-18,7.4561,7.3759,7.8225,7.0597,27.71K,1.09%
27-Apr-18,7.3759,7.7589,7.7783,6.9824,22.12K,-4.94%
26-Apr-18,7.7589,6.7031,7.7611,6.4435,27.30K,15.75%
25-Apr-18,6.7031,8.1521,8.189,6.3661,46.24K,-17.77%
24-Apr-18,8.1521,7.8122,8.3579,7.5762,49.65K,4.35%
23-Apr-18,7.8122,7.3219,8.0324,7.2236,42.85K,6.70%
22-Apr-18,7.3219,7.5762,8.1283,7.2666,20.35K,-3.36%
21-Apr-18,7.5764,7.2049,7.6438,6.8437,52.42K,5.16%
20-Apr-18,7.2046,6.9492,7.4051,6.8026,47.52K,2.55%
19-Apr-18,7.0257,6.5838,7.2517,6.4521,34.28K,6.71%
18-Apr-18,6.5838,5.9398,6.7432,5.825,29.80K,10.84%
17-Apr-18,5.9398,5.942,6.4041,5.6257,21.04K,-0.04%
16-Apr-18,5.942,6.1975,6.6174,5.5988,23.08K,-4.12%
15-Apr-18,6.1975,5.9215,6.3493,5.842,18.35K,4.66%
14-Apr-18,5.9215,5.8413,6.1564,5.5368,32.57K,1.37%
13-Apr-18,5.8413,5.6136,6.9464,5.3808,61.51K,4.06%
12-Apr-18,5.6136,5.2973,5.804,4.8754,43.05K,5.97%
11-Apr-18,5.2973,4.6949,6.2621,4.6237,28.46K,12.83%
10-Apr-18,4.6949,4.751,4.9191,4.5832,16.26K,-1.18%
9-Apr-18,4.751,5.0798,5.2791,4.6966,17.28K,-6.47%
8-Apr-18,5.0798,5.0592,5.3224,4.8735,6.76K,0.41%
7-Apr-18,5.0592,4.9558,5.3915,4.9558,4.83K,2.09%
6-Apr-18,4.9558,5.1275,5.1336,4.8861,10.25K,-3.35%
5-Apr-18,5.1275,5.1111,5.2209,4.9434,16.76K,0.32%
4-Apr-18,5.1111,5.9784,6.0677,5.109,18.39K,-14.51%
3-Apr-18,5.9784,5.3019,6.1646,5.242,27.55K,12.76%
2-Apr-18,5.3019,5.2645,5.4543,5.1206,19.79K,0.71%
1-Apr-18,5.2645,5.4292,5.5086,4.815,27.41K,-3.03%
31-Mar-18,5.4292,5.077,5.7863,5.0133,25.15K,6.94%
30-Mar-18,5.077,5.0909,5.4701,4.8122,79.25K,-0.27%
29-Mar-18,5.0909,6.4969,6.5119,5.0367,64.40K,-21.64%
28-Mar-18,6.4969,6.5585,6.9299,6.4422,6.54K,-0.94%
27-Mar-18,6.5583,6.9128,7.1189,6.3728,16.52K,-5.13%
26-Mar-18,6.9126,7.7134,7.8971,6.4638,32.44K,-10.38%
25-Mar-18,7.7134,7.7315,7.8996,7.5136,8.29K,-0.23%
24-Mar-18,7.7315,8.164,8.3813,7.7056,9.78K,-5.30%
23-Mar-18,8.164,8.2736,8.2736,7.4106,27.97K,-1.32%
22-Mar-18,8.2736,8.8293,9.0393,7.5539,24.33K,-6.29%
21-Mar-18,8.8293,8.9701,9.8735,8.3077,24.68K,-1.57%
20-Mar-18,8.9701,8.0554,9.6233,7.7529,28.94K,11.35%
19-Mar-18,8.0554,8.2273,8.9069,7.4002,54.95K,-2.09%
18-Mar-18,8.2273,7.8038,8.7142,6,88.93K,5.43%
17-Mar-18,7.8039,8.6624,8.9992,7.7862,14.28K,-9.91%
16-Mar-18,8.6624,8.8225,9.406,8.2206,19.23K,-1.81%
15-Mar-18,8.8225,9.2261,9.7637,8.2056,20.07K,-4.37%
14-Mar-18,9.2261,11.1171,11.143,8.639,31.43K,-17.01%
13-Mar-18,11.1171,10.9725,11.3079,9.6692,12.80K,1.32%
12-Mar-18,10.9725,11.3791,12.1562,10.2073,21.23K,-3.57%
11-Mar-18,11.3791,10.8728,11.9644,10.3987,16.42K,4.66%
10-Mar-18,10.8728,11.4583,12.9379,10.4431,25.30K,-5.11%
9-Mar-18,11.4583,9.9737,11.897,8.6432,51.64K,14.89%
8-Mar-18,9.9737,11.6967,12.2895,9.9222,24.08K,-14.73%
7-Mar-18,11.6967,13.3175,14.023,10.9114,25.10K,-12.17%
6-Mar-18,13.3175,14.6876,14.8338,12.6079,53.04K,-9.37%
5-Mar-18,14.6939,14.7835,15.6588,14.6939,8.45K,-0.61%
4-Mar-18,14.7835,14.9093,15.836,14.3414,9.28K,-0.84%
3-Mar-18,14.9093,16.0495,16.3853,14.4024,33.89K,-7.10%
2-Mar-18,16.0495,17.1604,17.369,15.8596,21.00K,-6.47%
1-Mar-18,17.1604,14.4149,17.3728,14.4131,35.35K,19.05%
28-Feb-18,14.4149,15.3702,15.6238,13.5633,29.34K,-6.22%
27-Feb-18,15.3702,13.9091,16.3718,13.451,-,10.51%
26-Feb-18,13.9091,12.156,14.5763,11.2063,-,14.42%
25-Feb-18,12.156,14.2086,14.6145,10.7599,-,-14.41%
24-Feb-18,14.2029,12.9429,16.655,11.7243,-,9.05%
23-Feb-18,13.0236,9.2605,13.3757,9.094,-,40.65%
22-Feb-18,9.2596,7.8681,10.2359,7.8222,-,18.94%
21-Feb-18,7.7849,6.8832,8.3918,6.5451,-,13.14%
20-Feb-18,6.8807,8.5448,8.7435,6.7819,-,-19.46%
19-Feb-18,8.5437,8.5985,9.1105,8.4424,-,-0.60%
18-Feb-18,8.5951,9.4314,9.6286,8.5106,-,-9.01%
17-Feb-18,9.4463,9.5818,9.9682,9.2289,-,-1.26%
16-Feb-18,9.5669,9.3157,10.102,8.5809,-,2.86%
15-Feb-18,9.3012,8.9008,9.3813,7.6412,-,3.98%
14-Feb-18,8.945,8.8756,9.6688,8.4959,-,0.45%
13-Feb-18,8.9051,9.7594,9.9007,8.7257,-,-8.55%
12-Feb-18,9.7378,8.2786,10.0594,8.2786,-,17.76%
11-Feb-18,8.2693,9.4369,9.5156,8.2053,-,-12.28%
10-Feb-18,9.4267,10.2799,10.6015,8.5256,-,-7.92%
9-Feb-18,10.2373,10.9174,11.6853,8.9664,-,-5.99%
8-Feb-18,10.8902,10.0402,11.8784,10.0402,-,9.03%
7-Feb-18,9.9878,10.8332,12.9817,9.3813,-,-8.68%
6-Feb-18,10.9367,9.0283,11.4829,6.5951,-,20.50%
5-Feb-18,9.0759,12.6804,13.0525,7.3888,-,-28.53%
4-Feb-18,12.6986,16.5221,16.5221,11.7025,-,-22.86%
3-Feb-18,16.4613,16.7248,17.056,14.1437,-,0.20%
2-Feb-18,16.4277,16.5408,18.0853,12.7134,-,-0.74%
1-Feb-18,16.5494,20.444,20.5665,15.026,-,-19.12%
31-Jan-18,20.4609,17.0664,20.4609,15.9897,-,20.27%
30-Jan-18,17.0124,18.5059,19.2578,13.6476,-,-8.11%
29-Jan-18,18.5132,19.8698,20.4307,17.8334,-,-6.66%
28-Jan-18,19.8346,19.2329,21.3118,17.6833,-,3.15%
27-Jan-18,19.2292,17.4076,20.1566,16.7141,-,10.24%
26-Jan-18,17.4425,12.8347,17.9434,12.8004,-,35.54%
25-Jan-18,12.8687,15.3101,15.3571,12.6209,-,-16.12%
24-Jan-18,15.3422,13.8279,15.3422,11.969,-,10.64%
23-Jan-18,13.8666,14.4004,15.0818,12.8278,-,-3.75%
22-Jan-18,14.4067,16.966,17.223,13.315,-,-14.82%
21-Jan-18,16.9133,19.5462,19.9909,16.1557,-,-13.30%
20-Jan-18,19.5088,17.4473,20.0022,17.3881,-,12.38%
19-Jan-18,17.359,18.3544,19.6696,15.5026,-,-5.56%
18-Jan-18,18.3804,18.3435,20.6479,16.5755,-,0.95%
